"CurrentWorkspace","SubscriptionName","location","name","resourceGroup","subscriptionId","TargetWorkspace","RequiresUpdate"
"/subscriptions/178b67d7-b6fd-46db-b4a3-b57f8a6b045f/resourceGroups/nonprod-platformshared/providers/Microsoft.OperationalInsights/workspaces/nonprodplatformshared-aue-log","Rail-DEMO","australiaeast","wil-dmo-wrt-aue1-ain","t3-wil-dmo-wrt-aue1-app-rsg","ae0c8612-75e8-4b6e-9443-ce2d7cd35d4e","/subscriptions/178b67d7-b6fd-46db-b4a3-b57f8a6b045f/resourceGroups/nonprod-platformshared/providers/Microsoft.OperationalInsights/workspaces/nonprodplatformshared-aue-log","False"
"/subscriptions/d4746c7a-19cb-47ac-82b5-069b17cb99de/resourcegroups/prod-platformshared/providers/microsoft.operationalinsights/workspaces/prodplatformshared-aue-log","Products-Shared-Environments","australiaeast","wil-ncr-min-shr-aue2-ain","t2-wil-ncr-min-shr-aue2-mgt-rsg","5f077d49-cd08-48b4-a26b-59d708d7847b","/subscriptions/d4746c7a-19cb-47ac-82b5-069b17cb99de/resourceGroups/prod-platformshared/providers/Microsoft.OperationalInsights/workspaces/prodplatformshared-aue-log","False"
"/subscriptions/d4746c7a-19cb-47ac-82b5-069b17cb99de/resourceGroups/prod-platformshared/providers/Microsoft.OperationalInsights/workspaces/prodplatformshared-aue-log","Build-PRD","australiaeast","wil-bld-prd-ain-aue","wil-bld-prd-rsg-app-aue","bdd7479b-ce38-47cf-b22f-285337c1e951","/subscriptions/d4746c7a-19cb-47ac-82b5-069b17cb99de/resourceGroups/prod-platformshared/providers/Microsoft.OperationalInsights/workspaces/prodplatformshared-aue-log","False"
,"Willow-IT","southeastasia","wil-it-prd-log-auto-asia-ins","wil-it-prd-log-auto-asia-rg","a3a9921b-5f1b-4c4b-a539-4a335fbcc2fe","/subscriptions/178b67d7-b6fd-46db-b4a3-b57f8a6b045f/resourceGroups/nonprod-platformshared/providers/Microsoft.OperationalInsights/workspaces/nonprodplatformshared-aue-log","True"
"/subscriptions/d4746c7a-19cb-47ac-82b5-069b17cb99de/resourceGroups/prod-platformshared/providers/Microsoft.OperationalInsights/workspaces/prodplatformshared-aue-log","Platform-PRD","australiaeast","wil-prd-mkp-ang-aue2-ain","t3-wil-prd-mkp-ang-aue2-app-rsg","e878a98a-20ec-4516-a59d-f393429fe07c","/subscriptions/d4746c7a-19cb-47ac-82b5-069b17cb99de/resourceGroups/prod-platformshared/providers/Microsoft.OperationalInsights/workspaces/prodplatformshared-aue-log","False"
"/subscriptions/d4746c7a-19cb-47ac-82b5-069b17cb99de/resourceGroups/prod-platformshared/providers/Microsoft.OperationalInsights/workspaces/prodplatformshared-eu2-log","Platform-PRD","eastus2","wil-prd-mkp-inf-eu22-ain","t3-wil-prd-mkp-inf-eu22-app-rsg","e878a98a-20ec-4516-a59d-f393429fe07c","/subscriptions/d4746c7a-19cb-47ac-82b5-069b17cb99de/resourceGroups/prod-platformshared/providers/Microsoft.OperationalInsights/workspaces/prodplatformshared-eu2-log","False"
"/subscriptions/d4746c7a-19cb-47ac-82b5-069b17cb99de/resourceGroups/prod-platformshared/providers/Microsoft.OperationalInsights/workspaces/prodplatformshared-eu2-log","Platform-PRD","eastus2","wil-prd-lda-oxf-eu22-ain","t3-wil-prd-lda-oxf-eu22-app-rsg","e878a98a-20ec-4516-a59d-f393429fe07c","/subscriptions/d4746c7a-19cb-47ac-82b5-069b17cb99de/resourceGroups/prod-platformshared/providers/Microsoft.OperationalInsights/workspaces/prodplatformshared-eu2-log","False"
"/subscriptions/d4746c7a-19cb-47ac-82b5-069b17cb99de/resourceGroups/prod-platformshared/providers/Microsoft.OperationalInsights/workspaces/prodplatformshared-eu2-log","Platform-PRD","eastus2","wil-prd-lda-eu22-ain","t3-wil-prd-lda-eu22-app-rsg","e878a98a-20ec-4516-a59d-f393429fe07c","/subscriptions/d4746c7a-19cb-47ac-82b5-069b17cb99de/resourceGroups/prod-platformshared/providers/Microsoft.OperationalInsights/workspaces/prodplatformshared-eu2-log","False"
"/subscriptions/d4746c7a-19cb-47ac-82b5-069b17cb99de/resourceGroups/prod-platformshared/providers/Microsoft.OperationalInsights/workspaces/prodplatformshared-eu2-log","Platform-PRD","eastus2","wil-prd-lda-sofi-eu22-ain","t3-wil-prd-lda-sofi-eu22-app-rsg","e878a98a-20ec-4516-a59d-f393429fe07c","/subscriptions/d4746c7a-19cb-47ac-82b5-069b17cb99de/resourceGroups/prod-platformshared/providers/Microsoft.OperationalInsights/workspaces/prodplatformshared-eu2-log","False"
"/subscriptions/d4746c7a-19cb-47ac-82b5-069b17cb99de/resourceGroups/prod-platformshared/providers/Microsoft.OperationalInsights/workspaces/prodplatformshared-weu-log","Platform-PRD","westeurope","wil-prd-plt-weu2-ain","t3-wil-prd-plt-weu2-app-rsg","e878a98a-20ec-4516-a59d-f393429fe07c","/subscriptions/d4746c7a-19cb-47ac-82b5-069b17cb99de/resourceGroups/prod-platformshared/providers/Microsoft.OperationalInsights/workspaces/prodplatformshared-weu-log","False"
"/subscriptions/d4746c7a-19cb-47ac-82b5-069b17cb99de/resourceGroups/prod-platformshared/providers/Microsoft.OperationalInsights/workspaces/prodplatformshared-aue-log","Platform-PRD","australiaeast","wil-prd-mkp-lut-aue2-ain","t3-wil-prd-mkp-lut-aue2-app-rsg","e878a98a-20ec-4516-a59d-f393429fe07c","/subscriptions/d4746c7a-19cb-47ac-82b5-069b17cb99de/resourceGroups/prod-platformshared/providers/Microsoft.OperationalInsights/workspaces/prodplatformshared-aue-log","False"
"/subscriptions/d4746c7a-19cb-47ac-82b5-069b17cb99de/resourceGroups/prod-platformshared/providers/Microsoft.OperationalInsights/workspaces/prodplatformshared-aue-log","Platform-PRD","australiaeast","wil-prd-mkp-aue2-ain","t3-wil-prd-mkp-aue2-app-rsg","e878a98a-20ec-4516-a59d-f393429fe07c","/subscriptions/d4746c7a-19cb-47ac-82b5-069b17cb99de/resourceGroups/prod-platformshared/providers/Microsoft.OperationalInsights/workspaces/prodplatformshared-aue-log","False"
"/subscriptions/d4746c7a-19cb-47ac-82b5-069b17cb99de/resourceGroups/prod-platformshared/providers/Microsoft.OperationalInsights/workspaces/prodplatformshared-weu-log","Platform-PRD","westeurope","wil-prd-mkp-sfm-weu2-ain","t3-wil-prd-mkp-sfm-weu2-app-rsg","e878a98a-20ec-4516-a59d-f393429fe07c","/subscriptions/d4746c7a-19cb-47ac-82b5-069b17cb99de/resourceGroups/prod-platformshared/providers/Microsoft.OperationalInsights/workspaces/prodplatformshared-weu-log","False"
"/subscriptions/d4746c7a-19cb-47ac-82b5-069b17cb99de/resourceGroups/prod-platformshared/providers/Microsoft.OperationalInsights/workspaces/prodplatformshared-aue-log","Platform-PRD","australiaeast","wil-prd-mkp-ccr-aue2-ain","t3-wil-prd-mkp-ccr-aue2-app-rsg","e878a98a-20ec-4516-a59d-f393429fe07c","/subscriptions/d4746c7a-19cb-47ac-82b5-069b17cb99de/resourceGroups/prod-platformshared/providers/Microsoft.OperationalInsights/workspaces/prodplatformshared-aue-log","False"
"/subscriptions/d4746c7a-19cb-47ac-82b5-069b17cb99de/resourceGroups/prod-platformshared/providers/Microsoft.OperationalInsights/workspaces/prodplatformshared-weu-log","Platform-PRD","westeurope","wil-prd-lda-axa-weu2-ain","t3-wil-prd-lda-axa-weu2-app-rsg","e878a98a-20ec-4516-a59d-f393429fe07c","/subscriptions/d4746c7a-19cb-47ac-82b5-069b17cb99de/resourceGroups/prod-platformshared/providers/Microsoft.OperationalInsights/workspaces/prodplatformshared-weu-log","False"
"/subscriptions/d4746c7a-19cb-47ac-82b5-069b17cb99de/resourceGroups/prod-platformshared/providers/Microsoft.OperationalInsights/workspaces/prodplatformshared-weu-log","Platform-PRD","westeurope","wil-prd-lda-bg22-weu2-ain","t3-wil-prd-lda-bg22-weu2-app-rsg","e878a98a-20ec-4516-a59d-f393429fe07c","/subscriptions/d4746c7a-19cb-47ac-82b5-069b17cb99de/resourceGroups/prod-platformshared/providers/Microsoft.OperationalInsights/workspaces/prodplatformshared-weu-log","False"
"/subscriptions/d4746c7a-19cb-47ac-82b5-069b17cb99de/resourceGroups/prod-platformshared/providers/Microsoft.OperationalInsights/workspaces/prodplatformshared-aue-log","Platform-PRD","australiaeast","wil-prd-lda-tlr-aue2-ain","t3-wil-prd-lda-tlr-aue2-app-rsg","e878a98a-20ec-4516-a59d-f393429fe07c","/subscriptions/d4746c7a-19cb-47ac-82b5-069b17cb99de/resourceGroups/prod-platformshared/providers/Microsoft.OperationalInsights/workspaces/prodplatformshared-aue-log","False"
"/subscriptions/d4746c7a-19cb-47ac-82b5-069b17cb99de/resourceGroups/prod-platformshared/providers/Microsoft.OperationalInsights/workspaces/prodplatformshared-aue-log","Platform-PRD","australiaeast","wil-prd-lda-inv-aue2-ain","t3-wil-prd-lda-inv-aue2-app-rsg","e878a98a-20ec-4516-a59d-f393429fe07c","/subscriptions/d4746c7a-19cb-47ac-82b5-069b17cb99de/resourceGroups/prod-platformshared/providers/Microsoft.OperationalInsights/workspaces/prodplatformshared-aue-log","False"
"/subscriptions/d4746c7a-19cb-47ac-82b5-069b17cb99de/resourceGroups/prod-platformshared/providers/Microsoft.OperationalInsights/workspaces/prodplatformshared-aue-log","Platform-PRD","australiaeast","wil-prd-mkp-247-aue2-ain","t3-wil-prd-mkp-247-aue2-app-rsg","e878a98a-20ec-4516-a59d-f393429fe07c","/subscriptions/d4746c7a-19cb-47ac-82b5-069b17cb99de/resourceGroups/prod-platformshared/providers/Microsoft.OperationalInsights/workspaces/prodplatformshared-aue-log","False"
"/subscriptions/d4746c7a-19cb-47ac-82b5-069b17cb99de/resourceGroups/prod-platformshared/providers/Microsoft.OperationalInsights/workspaces/prodplatformshared-aue-log","Platform-PRD","australiaeast","wil-prd-alm-aue2-ain","t3-wil-prd-alm-aue2-app-rsg","e878a98a-20ec-4516-a59d-f393429fe07c","/subscriptions/d4746c7a-19cb-47ac-82b5-069b17cb99de/resourceGroups/prod-platformshared/providers/Microsoft.OperationalInsights/workspaces/prodplatformshared-aue-log","False"
"/subscriptions/d4746c7a-19cb-47ac-82b5-069b17cb99de/resourceGroups/prod-platformshared/providers/Microsoft.OperationalInsights/workspaces/prodplatformshared-aue-log","Platform-PRD","australiaeast","wil-prd-mkp-ins-aue2-ain","t3-wil-prd-mkp-ins-aue2-app-rsg","e878a98a-20ec-4516-a59d-f393429fe07c","/subscriptions/d4746c7a-19cb-47ac-82b5-069b17cb99de/resourceGroups/prod-platformshared/providers/Microsoft.OperationalInsights/workspaces/prodplatformshared-aue-log","False"
"/subscriptions/d4746c7a-19cb-47ac-82b5-069b17cb99de/resourceGroups/prod-platformshared/providers/Microsoft.OperationalInsights/workspaces/prodplatformshared-eu2-log","Platform-PRD","eastus2","wil-prd-mkp-acc-eu22-ain","t3-wil-prd-mkp-acc-eu22-app-rsg","e878a98a-20ec-4516-a59d-f393429fe07c","/subscriptions/d4746c7a-19cb-47ac-82b5-069b17cb99de/resourceGroups/prod-platformshared/providers/Microsoft.OperationalInsights/workspaces/prodplatformshared-eu2-log","False"
"/subscriptions/d4746c7a-19cb-47ac-82b5-069b17cb99de/resourceGroups/prod-platformshared/providers/Microsoft.OperationalInsights/workspaces/prodplatformshared-aue-log","Platform-PRD","australiaeast","wil-prd-mkp-oua-aue2-ain","t3-wil-prd-mkp-oua-aue2-app-rsg","e878a98a-20ec-4516-a59d-f393429fe07c","/subscriptions/d4746c7a-19cb-47ac-82b5-069b17cb99de/resourceGroups/prod-platformshared/providers/Microsoft.OperationalInsights/workspaces/prodplatformshared-aue-log","False"
"/subscriptions/d4746c7a-19cb-47ac-82b5-069b17cb99de/resourceGroups/prod-platformshared/providers/Microsoft.OperationalInsights/workspaces/prodplatformshared-aue-log","Platform-PRD","australiaeast","wil-prd-adm-aue2-ain","t3-wil-prd-adm-aue2-app-rsg","e878a98a-20ec-4516-a59d-f393429fe07c","/subscriptions/d4746c7a-19cb-47ac-82b5-069b17cb99de/resourceGroups/prod-platformshared/providers/Microsoft.OperationalInsights/workspaces/prodplatformshared-aue-log","False"
"/subscriptions/d4746c7a-19cb-47ac-82b5-069b17cb99de/resourceGroups/prod-platformshared/providers/Microsoft.OperationalInsights/workspaces/prodplatformshared-aue-log","Platform-PRD","australiaeast","wil-prd-mkp-cpt-aue2-ain","t3-wil-prd-mkp-cpt-aue2-app-rsg","e878a98a-20ec-4516-a59d-f393429fe07c","/subscriptions/d4746c7a-19cb-47ac-82b5-069b17cb99de/resourceGroups/prod-platformshared/providers/Microsoft.OperationalInsights/workspaces/prodplatformshared-aue-log","False"
"/subscriptions/d4746c7a-19cb-47ac-82b5-069b17cb99de/resourceGroups/prod-platformshared/providers/Microsoft.OperationalInsights/workspaces/prodplatformshared-eu2-log","Platform-PRD","eastus2","wil-prd-mkp-vmd-eu22-ain","t3-wil-prd-mkp-vmd-eu22-app-rsg","e878a98a-20ec-4516-a59d-f393429fe07c","/subscriptions/d4746c7a-19cb-47ac-82b5-069b17cb99de/resourceGroups/prod-platformshared/providers/Microsoft.OperationalInsights/workspaces/prodplatformshared-eu2-log","False"
"/subscriptions/d4746c7a-19cb-47ac-82b5-069b17cb99de/resourceGroups/prod-platformshared/providers/Microsoft.OperationalInsights/workspaces/prodplatformshared-aue-log","Platform-PRD","australiasoutheast","PointImporter","oldlivedataimporter","e878a98a-20ec-4516-a59d-f393429fe07c","/subscriptions/d4746c7a-19cb-47ac-82b5-069b17cb99de/resourceGroups/prod-platformshared/providers/Microsoft.OperationalInsights/workspaces/prodplatformshared-aue-log","False"
"/subscriptions/d4746c7a-19cb-47ac-82b5-069b17cb99de/resourceGroups/prod-platformshared/providers/Microsoft.OperationalInsights/workspaces/prodplatformshared-aue-log","Platform-PRD","australiaeast","wil-prd-mkp-vgs-aue2-ain","t3-wil-prd-mkp-vgs-aue2-app-rsg","e878a98a-20ec-4516-a59d-f393429fe07c","/subscriptions/d4746c7a-19cb-47ac-82b5-069b17cb99de/resourceGroups/prod-platformshared/providers/Microsoft.OperationalInsights/workspaces/prodplatformshared-aue-log","False"
"/subscriptions/d4746c7a-19cb-47ac-82b5-069b17cb99de/resourceGroups/prod-platformshared/providers/Microsoft.OperationalInsights/workspaces/prodplatformshared-aue-log","Platform-PRD","australiaeast","wil-prd-mkp-bac-aue2-ain","t3-wil-prd-mkp-bac-aue2-app-rsg","e878a98a-20ec-4516-a59d-f393429fe07c","/subscriptions/d4746c7a-19cb-47ac-82b5-069b17cb99de/resourceGroups/prod-platformshared/providers/Microsoft.OperationalInsights/workspaces/prodplatformshared-aue-log","False"
"/subscriptions/d4746c7a-19cb-47ac-82b5-069b17cb99de/resourceGroups/prod-platformshared/providers/Microsoft.OperationalInsights/workspaces/prodplatformshared-aue-log","Platform-PRD","australiaeast","wil-prd-mkp-mod-aue2-ain","t3-wil-prd-mkp-mod-aue2-app-rsg","e878a98a-20ec-4516-a59d-f393429fe07c","/subscriptions/d4746c7a-19cb-47ac-82b5-069b17cb99de/resourceGroups/prod-platformshared/providers/Microsoft.OperationalInsights/workspaces/prodplatformshared-aue-log","False"
"/subscriptions/d4746c7a-19cb-47ac-82b5-069b17cb99de/resourceGroups/prod-platformshared/providers/Microsoft.OperationalInsights/workspaces/prodplatformshared-eu2-log","Platform-PRD","eastus2","wil-prd-lda-brf-eu22-ain","t3-wil-prd-lda-brf-eu22-app-rsg","e878a98a-20ec-4516-a59d-f393429fe07c","/subscriptions/d4746c7a-19cb-47ac-82b5-069b17cb99de/resourceGroups/prod-platformshared/providers/Microsoft.OperationalInsights/workspaces/prodplatformshared-eu2-log","False"
"/subscriptions/d4746c7a-19cb-47ac-82b5-069b17cb99de/resourceGroups/prod-platformshared/providers/Microsoft.OperationalInsights/workspaces/prodplatformshared-weu-log","Platform-PRD","westeurope","wil-prd-lda-weu2-ain","t3-wil-prd-lda-weu2-app-rsg","e878a98a-20ec-4516-a59d-f393429fe07c","/subscriptions/d4746c7a-19cb-47ac-82b5-069b17cb99de/resourceGroups/prod-platformshared/providers/Microsoft.OperationalInsights/workspaces/prodplatformshared-weu-log","False"
"/subscriptions/d4746c7a-19cb-47ac-82b5-069b17cb99de/resourceGroups/prod-platformshared/providers/Microsoft.OperationalInsights/workspaces/prodplatformshared-eu2-log","Platform-PRD","eastus2","wil-prd-alm-eu22-ain","t3-wil-prd-alm-eu22-app-rsg","e878a98a-20ec-4516-a59d-f393429fe07c","/subscriptions/d4746c7a-19cb-47ac-82b5-069b17cb99de/resourceGroups/prod-platformshared/providers/Microsoft.OperationalInsights/workspaces/prodplatformshared-eu2-log","False"
"/subscriptions/d4746c7a-19cb-47ac-82b5-069b17cb99de/resourceGroups/prod-platformshared/providers/Microsoft.OperationalInsights/workspaces/prodplatformshared-aue-log","Platform-PRD","australiaeast","t3-wil-prd-plt-aue1-app-healthcheck-noti","alarms","e878a98a-20ec-4516-a59d-f393429fe07c","/subscriptions/d4746c7a-19cb-47ac-82b5-069b17cb99de/resourceGroups/prod-platformshared/providers/Microsoft.OperationalInsights/workspaces/prodplatformshared-aue-log","False"
"/subscriptions/d4746c7a-19cb-47ac-82b5-069b17cb99de/resourceGroups/prod-platformshared/providers/Microsoft.OperationalInsights/workspaces/prodplatformshared-eu2-log","Platform-PRD","eastus2","wil-prd-lda-dfw-eu22-ain","t3-wil-prd-lda-dfw-eu22-app-rsg","e878a98a-20ec-4516-a59d-f393429fe07c","/subscriptions/d4746c7a-19cb-47ac-82b5-069b17cb99de/resourceGroups/prod-platformshared/providers/Microsoft.OperationalInsights/workspaces/prodplatformshared-eu2-log","False"
"/subscriptions/d4746c7a-19cb-47ac-82b5-069b17cb99de/resourceGroups/prod-platformshared/providers/Microsoft.OperationalInsights/workspaces/prodplatformshared-eu2-log","Platform-PRD","eastus2","wil-prd-lda-msft-eu22-ain","t3-wil-prd-lda-msft-eu22-app-rsg","e878a98a-20ec-4516-a59d-f393429fe07c","/subscriptions/d4746c7a-19cb-47ac-82b5-069b17cb99de/resourceGroups/prod-platformshared/providers/Microsoft.OperationalInsights/workspaces/prodplatformshared-eu2-log","False"
"/subscriptions/d4746c7a-19cb-47ac-82b5-069b17cb99de/resourceGroups/prod-platformshared/providers/Microsoft.OperationalInsights/workspaces/prodplatformshared-aue-log","Platform-PRD","australiaeast","wil-prd-lda-aue2-ain","t3-wil-prd-lda-aue2-app-rsg","e878a98a-20ec-4516-a59d-f393429fe07c","/subscriptions/d4746c7a-19cb-47ac-82b5-069b17cb99de/resourceGroups/prod-platformshared/providers/Microsoft.OperationalInsights/workspaces/prodplatformshared-aue-log","False"
"/subscriptions/d4746c7a-19cb-47ac-82b5-069b17cb99de/resourceGroups/prod-platformshared/providers/Microsoft.OperationalInsights/workspaces/prodplatformshared-eu2-log","Platform-PRD","eastus2","wil-prd-plt-eu22-ain","t3-wil-prd-plt-eu22-app-rsg","e878a98a-20ec-4516-a59d-f393429fe07c","/subscriptions/d4746c7a-19cb-47ac-82b5-069b17cb99de/resourceGroups/prod-platformshared/providers/Microsoft.OperationalInsights/workspaces/prodplatformshared-eu2-log","False"
"/subscriptions/d4746c7a-19cb-47ac-82b5-069b17cb99de/resourceGroups/prod-platformshared/providers/Microsoft.OperationalInsights/workspaces/prodplatformshared-weu-log","Platform-PRD","westeurope","wil-prd-alm-weu2-ain","t3-wil-prd-alm-weu2-app-rsg","e878a98a-20ec-4516-a59d-f393429fe07c","/subscriptions/d4746c7a-19cb-47ac-82b5-069b17cb99de/resourceGroups/prod-platformshared/providers/Microsoft.OperationalInsights/workspaces/prodplatformshared-weu-log","False"
"/subscriptions/d4746c7a-19cb-47ac-82b5-069b17cb99de/resourceGroups/prod-platformshared/providers/Microsoft.OperationalInsights/workspaces/prodplatformshared-weu-log","Platform-PRD","westeurope","wil-prd-lda-skws-weu2-ain","t3-wil-prd-lda-skws-weu2-app-rsg","e878a98a-20ec-4516-a59d-f393429fe07c","/subscriptions/d4746c7a-19cb-47ac-82b5-069b17cb99de/resourceGroups/prod-platformshared/providers/Microsoft.OperationalInsights/workspaces/prodplatformshared-weu-log","False"
"/subscriptions/d4746c7a-19cb-47ac-82b5-069b17cb99de/resourceGroups/prod-platformshared/providers/Microsoft.OperationalInsights/workspaces/prodplatformshared-aue-log","Platform-PRD","australiaeast","wil-prd-lda-wlo-aue2-ain","t3-wil-prd-lda-wlo-aue2-app-rsg","e878a98a-20ec-4516-a59d-f393429fe07c","/subscriptions/d4746c7a-19cb-47ac-82b5-069b17cb99de/resourceGroups/prod-platformshared/providers/Microsoft.OperationalInsights/workspaces/prodplatformshared-aue-log","False"
"/subscriptions/d4746c7a-19cb-47ac-82b5-069b17cb99de/resourceGroups/prod-platformshared/providers/Microsoft.OperationalInsights/workspaces/prodplatformshared-aue-log","Platform-PRD","australiaeast","wil-prd-lda-dex-aue2-ain","t3-wil-prd-lda-dex-aue2-app-rsg","e878a98a-20ec-4516-a59d-f393429fe07c","/subscriptions/d4746c7a-19cb-47ac-82b5-069b17cb99de/resourceGroups/prod-platformshared/providers/Microsoft.OperationalInsights/workspaces/prodplatformshared-aue-log","False"
"/subscriptions/d4746c7a-19cb-47ac-82b5-069b17cb99de/resourceGroups/prod-platformshared/providers/Microsoft.OperationalInsights/workspaces/prodplatformshared-aue-log","Platform-PRD","australiaeast","wil-prd-plt-aue2-ain","t3-wil-prd-plt-aue2-app-rsg","e878a98a-20ec-4516-a59d-f393429fe07c","/subscriptions/d4746c7a-19cb-47ac-82b5-069b17cb99de/resourceGroups/prod-platformshared/providers/Microsoft.OperationalInsights/workspaces/prodplatformshared-aue-log","False"
"/subscriptions/d4746c7a-19cb-47ac-82b5-069b17cb99de/resourcegroups/prod-platformshared/providers/microsoft.operationalinsights/workspaces/prodplatformshared-eu2-log","Platform-PRD","centralus","ValidateUserCredentialsPrd","t3-wil-prd-plt-eu22-app-rsg","e878a98a-20ec-4516-a59d-f393429fe07c","/subscriptions/d4746c7a-19cb-47ac-82b5-069b17cb99de/resourceGroups/prod-platformshared/providers/Microsoft.OperationalInsights/workspaces/prodplatformshared-eu2-log","False"
"/subscriptions/d4746c7a-19cb-47ac-82b5-069b17cb99de/resourceGroups/prod-platformshared/providers/Microsoft.OperationalInsights/workspaces/prodplatformshared-aue-log","Platform-PRD","australiaeast","wil-prd-mkp-smn-aue2-ain","t3-wil-prd-mkp-smn-aue2-app-rsg","e878a98a-20ec-4516-a59d-f393429fe07c","/subscriptions/d4746c7a-19cb-47ac-82b5-069b17cb99de/resourceGroups/prod-platformshared/providers/Microsoft.OperationalInsights/workspaces/prodplatformshared-aue-log","False"
"/subscriptions/d4746c7a-19cb-47ac-82b5-069b17cb99de/resourceGroups/prod-platformshared/providers/Microsoft.OperationalInsights/workspaces/prodplatformshared-aue-log","Platform-PRD","australiaeast","wil-prd-mkp-sim-aue2-ain","t3-wil-prd-mkp-sim-aue2-app-rsg","e878a98a-20ec-4516-a59d-f393429fe07c","/subscriptions/d4746c7a-19cb-47ac-82b5-069b17cb99de/resourceGroups/prod-platformshared/providers/Microsoft.OperationalInsights/workspaces/prodplatformshared-aue-log","False"
"/subscriptions/d4746c7a-19cb-47ac-82b5-069b17cb99de/resourceGroups/prod-platformshared/providers/Microsoft.OperationalInsights/workspaces/prodplatformshared-aue-log","Platform-PRD","australiaeast","wil-prd-mkp-oda-aue2-ain","t3-wil-prd-mkp-oda-aue2-app-rsg","e878a98a-20ec-4516-a59d-f393429fe07c","/subscriptions/d4746c7a-19cb-47ac-82b5-069b17cb99de/resourceGroups/prod-platformshared/providers/Microsoft.OperationalInsights/workspaces/prodplatformshared-aue-log","False"
"/subscriptions/d4746c7a-19cb-47ac-82b5-069b17cb99de/resourceGroups/prod-platformshared/providers/Microsoft.OperationalInsights/workspaces/prodplatformshared-aue-log","Platform-PRD","australiaeast","wil-prd-lda-wkr-aue2-ain","t3-wil-prd-lda-wkr-aue2-app-rsg","e878a98a-20ec-4516-a59d-f393429fe07c","/subscriptions/d4746c7a-19cb-47ac-82b5-069b17cb99de/resourceGroups/prod-platformshared/providers/Microsoft.OperationalInsights/workspaces/prodplatformshared-aue-log","False"
"/subscriptions/d4746c7a-19cb-47ac-82b5-069b17cb99de/resourceGroups/prod-platformshared/providers/Microsoft.OperationalInsights/workspaces/prodplatformshared-aue-log","Platform-PRD","australiaeast","wil-prd-mkp-mch-aue2-ain","t3-wil-prd-mkp-mch-aue2-app-rsg","e878a98a-20ec-4516-a59d-f393429fe07c","/subscriptions/d4746c7a-19cb-47ac-82b5-069b17cb99de/resourceGroups/prod-platformshared/providers/Microsoft.OperationalInsights/workspaces/prodplatformshared-aue-log","False"
"/subscriptions/d4746c7a-19cb-47ac-82b5-069b17cb99de/resourceGroups/prod-platformshared/providers/Microsoft.OperationalInsights/workspaces/prodplatformshared-eu2-log","Platform-PRD","eastus2","wil-prd-mkp-vci-eu22-ain","t3-wil-prd-mkp-vci-eu22-app-rsg","e878a98a-20ec-4516-a59d-f393429fe07c","/subscriptions/d4746c7a-19cb-47ac-82b5-069b17cb99de/resourceGroups/prod-platformshared/providers/Microsoft.OperationalInsights/workspaces/prodplatformshared-eu2-log","False"
"/subscriptions/d4746c7a-19cb-47ac-82b5-069b17cb99de/resourceGroups/prod-platformshared/providers/Microsoft.OperationalInsights/workspaces/prodplatformshared-eu2-log","Platform-PRD","eastus2","wil-prd-lda-bp-eu22-ain","t3-wil-prd-lda-bp-eu22-app-rsg","e878a98a-20ec-4516-a59d-f393429fe07c","/subscriptions/d4746c7a-19cb-47ac-82b5-069b17cb99de/resourceGroups/prod-platformshared/providers/Microsoft.OperationalInsights/workspaces/prodplatformshared-eu2-log","False"
"/subscriptions/d4746c7a-19cb-47ac-82b5-069b17cb99de/resourceGroups/prod-platformshared/providers/Microsoft.OperationalInsights/workspaces/prodplatformshared-aue-log","Platform-PRD","australiaeast","wil-prd-mkp-seb-aue2-ain","t3-wil-prd-mkp-seb-aue2-app-rsg","e878a98a-20ec-4516-a59d-f393429fe07c","/subscriptions/d4746c7a-19cb-47ac-82b5-069b17cb99de/resourceGroups/prod-platformshared/providers/Microsoft.OperationalInsights/workspaces/prodplatformshared-aue-log","False"
"/subscriptions/d4746c7a-19cb-47ac-82b5-069b17cb99de/resourceGroups/prod-platformshared/providers/Microsoft.OperationalInsights/workspaces/prodplatformshared-aue-log","Platform-PRD","australiaeast","wil-prd-alt-aue2-ain","t3-wil-prd-alt-aue2-app-rsg","e878a98a-20ec-4516-a59d-f393429fe07c","/subscriptions/d4746c7a-19cb-47ac-82b5-069b17cb99de/resourceGroups/prod-platformshared/providers/Microsoft.OperationalInsights/workspaces/prodplatformshared-aue-log","False"
"/subscriptions/d4746c7a-19cb-47ac-82b5-069b17cb99de/resourceGroups/prod-platformshared/providers/Microsoft.OperationalInsights/workspaces/prodplatformshared-aue-log","Platform-PRD","australiaeast","wil-prd-mkp-imp-aue2-ain","t3-wil-prd-mkp-imp-aue2-app-rsg","e878a98a-20ec-4516-a59d-f393429fe07c","/subscriptions/d4746c7a-19cb-47ac-82b5-069b17cb99de/resourceGroups/prod-platformshared/providers/Microsoft.OperationalInsights/workspaces/prodplatformshared-aue-log","False"
"/subscriptions/178b67d7-b6fd-46db-b4a3-b57f8a6b045f/resourceGroups/nonprod-platformshared/providers/Microsoft.OperationalInsights/workspaces/nonprodplatformshared-aue-log","Data-DEV","australiaeast","snowflake-api-test","matt-sandbox","f89766c3-f955-42b5-8925-929bd7df83c0","/subscriptions/178b67d7-b6fd-46db-b4a3-b57f8a6b045f/resourceGroups/nonprod-platformshared/providers/Microsoft.OperationalInsights/workspaces/nonprodplatformshared-aue-log","False"
"/subscriptions/178b67d7-b6fd-46db-b4a3-b57f8a6b045f/resourceGroups/nonprod-platformshared/providers/Microsoft.OperationalInsights/workspaces/nonprodplatformshared-aue-log","Data-DEV","eastus2","wildsemldevmlw9626011194","t1-wil-dseml-sbx-rsg-data-eu22","f89766c3-f955-42b5-8925-929bd7df83c0","/subscriptions/178b67d7-b6fd-46db-b4a3-b57f8a6b045f/resourceGroups/nonprod-platformshared/providers/Microsoft.OperationalInsights/workspaces/nonprodplatformshared-aue-log","False"
"/subscriptions/178b67d7-b6fd-46db-b4a3-b57f8a6b045f/resourceGroups/nonprod-platformshared/providers/Microsoft.OperationalInsights/workspaces/nonprodplatformshared-aue-log","Experience-UAT","australiaeast","wil-uxa-uat-ain-aue","t3-wil-uxa-uat-rsg-app-aue","c9a0ae53-c468-4612-a318-cfb719c4b2ca","/subscriptions/178b67d7-b6fd-46db-b4a3-b57f8a6b045f/resourceGroups/nonprod-platformshared/providers/Microsoft.OperationalInsights/workspaces/nonprodplatformshared-aue-log","False"
"/subscriptions/178b67d7-b6fd-46db-b4a3-b57f8a6b045f/resourceGroups/nonprod-platformshared/providers/Microsoft.OperationalInsights/workspaces/nonprodplatformshared-aue-log","Experience-UAT","australiaeast","wil-uat-exp-aue1-ain","t3-wil-uat-exp-aue1-apps-rsg","c9a0ae53-c468-4612-a318-cfb719c4b2ca","/subscriptions/178b67d7-b6fd-46db-b4a3-b57f8a6b045f/resourceGroups/nonprod-platformshared/providers/Microsoft.OperationalInsights/workspaces/nonprodplatformshared-aue-log","False"
"/subscriptions/178b67d7-b6fd-46db-b4a3-b57f8a6b045f/resourceGroups/nonprod-platformshared/providers/Microsoft.OperationalInsights/workspaces/nonprodplatformshared-aue-log","Experience-UAT","australiaeast","wil-uat-fnb-aue1-ain","t3-wil-uat-fnb-aue1-app-rsg","c9a0ae53-c468-4612-a318-cfb719c4b2ca","/subscriptions/178b67d7-b6fd-46db-b4a3-b57f8a6b045f/resourceGroups/nonprod-platformshared/providers/Microsoft.OperationalInsights/workspaces/nonprodplatformshared-aue-log","False"
"/subscriptions/178b67d7-b6fd-46db-b4a3-b57f8a6b045f/resourceGroups/nonprod-platformshared/providers/Microsoft.OperationalInsights/workspaces/nonprodplatformshared-aue-log","Experience-UAT","australiaeast","wil-uat-exp-aue1-ain","t3-wil-uat-exp-aue1-shared-rsg","c9a0ae53-c468-4612-a318-cfb719c4b2ca","/subscriptions/178b67d7-b6fd-46db-b4a3-b57f8a6b045f/resourceGroups/nonprod-platformshared/providers/Microsoft.OperationalInsights/workspaces/nonprodplatformshared-aue-log","False"
"/subscriptions/178b67d7-b6fd-46db-b4a3-b57f8a6b045f/resourceGroups/nonprod-platformshared/providers/Microsoft.OperationalInsights/workspaces/nonprodplatformshared-aue-log","Experience-UAT","australiaeast","wil-uat-exp-aue1-ain","t3-wil-uat-exp-aue1-app-rsg","c9a0ae53-c468-4612-a318-cfb719c4b2ca","/subscriptions/178b67d7-b6fd-46db-b4a3-b57f8a6b045f/resourceGroups/nonprod-platformshared/providers/Microsoft.OperationalInsights/workspaces/nonprodplatformshared-aue-log","False"
"/subscriptions/178b67d7-b6fd-46db-b4a3-b57f8a6b045f/resourceGroups/nonprod-platformshared/providers/Microsoft.OperationalInsights/workspaces/nonprodplatformshared-aue-log","Rail-DEV","australiaeast","wil-wrt-dev-ain-aue","t3-wil-wrt-dev-rsg-app-aue","5b797013-f6dc-4235-a157-e4cb98ef8599","/subscriptions/178b67d7-b6fd-46db-b4a3-b57f8a6b045f/resourceGroups/nonprod-platformshared/providers/Microsoft.OperationalInsights/workspaces/nonprodplatformshared-aue-log","False"
"/subscriptions/178b67d7-b6fd-46db-b4a3-b57f8a6b045f/resourceGroups/nonprod-platformshared/providers/Microsoft.OperationalInsights/workspaces/nonprodplatformshared-aue-log","Rail-DEV","australiaeast","wil-dev-wrt-cu1-aue1-ain","t3-wil-dev-wrt-cu1-aue1-app-rsg","5b797013-f6dc-4235-a157-e4cb98ef8599","/subscriptions/178b67d7-b6fd-46db-b4a3-b57f8a6b045f/resourceGroups/nonprod-platformshared/providers/Microsoft.OperationalInsights/workspaces/nonprodplatformshared-aue-log","False"
"/subscriptions/178b67d7-b6fd-46db-b4a3-b57f8a6b045f/resourceGroups/nonprod-platformshared/providers/Microsoft.OperationalInsights/workspaces/nonprodplatformshared-aue-log","Rail-DEV","australiaeast","wr-dev-importer-appinsights","wr-dev-importer-apps","5b797013-f6dc-4235-a157-e4cb98ef8599","/subscriptions/178b67d7-b6fd-46db-b4a3-b57f8a6b045f/resourceGroups/nonprod-platformshared/providers/Microsoft.OperationalInsights/workspaces/nonprodplatformshared-aue-log","False"
"/subscriptions/178b67d7-b6fd-46db-b4a3-b57f8a6b045f/resourceGroups/nonprod-platformshared/providers/Microsoft.OperationalInsights/workspaces/nonprodplatformshared-aue-log","Rail-DEV","australiaeast","wil-dev-wrt-aue1-ain","t3-wil-dev-wrt-aue1-lkp-rsg","5b797013-f6dc-4235-a157-e4cb98ef8599","/subscriptions/178b67d7-b6fd-46db-b4a3-b57f8a6b045f/resourceGroups/nonprod-platformshared/providers/Microsoft.OperationalInsights/workspaces/nonprodplatformshared-aue-log","False"
"/subscriptions/178b67d7-b6fd-46db-b4a3-b57f8a6b045f/resourceGroups/nonprod-platformshared/providers/Microsoft.OperationalInsights/workspaces/nonprodplatformshared-aue-log","Rail-DEV","australiaeast","wil-dev-wrt-shr-aue1-ain","t2-wil-dev-wrt-shr-aue1-apim-rsg","5b797013-f6dc-4235-a157-e4cb98ef8599","/subscriptions/178b67d7-b6fd-46db-b4a3-b57f8a6b045f/resourceGroups/nonprod-platformshared/providers/Microsoft.OperationalInsights/workspaces/nonprodplatformshared-aue-log","False"
"/subscriptions/d4746c7a-19cb-47ac-82b5-069b17cb99de/resourceGroups/prod-platformshared/providers/Microsoft.OperationalInsights/workspaces/prodplatformshared-weu-log","Rail-PRD","westeurope","wil-prd-wrt-shr-weu1-ain","t2-wil-prd-wrt-shr-weu1-apim-rsg","ee06cff9-d2d7-405a-8ce9-cf82fe78fbf6","/subscriptions/d4746c7a-19cb-47ac-82b5-069b17cb99de/resourceGroups/prod-platformshared/providers/Microsoft.OperationalInsights/workspaces/prodplatformshared-weu-log","False"
"/subscriptions/d4746c7a-19cb-47ac-82b5-069b17cb99de/resourceGroups/prod-platformshared/providers/Microsoft.OperationalInsights/workspaces/prodplatformshared-aue-log","Rail-PRD","australiasoutheast","wil-wrt-prd-ain-aus","t3-wil-wrt-prd-rsg-app-aus","ee06cff9-d2d7-405a-8ce9-cf82fe78fbf6","/subscriptions/d4746c7a-19cb-47ac-82b5-069b17cb99de/resourceGroups/prod-platformshared/providers/Microsoft.OperationalInsights/workspaces/prodplatformshared-aue-log","False"
"/subscriptions/d4746c7a-19cb-47ac-82b5-069b17cb99de/resourceGroups/prod-platformshared/providers/Microsoft.OperationalInsights/workspaces/prodplatformshared-weu-log","Rail-PRD","westeurope","wil-prd-wrt-stu-weu1-ain","t3-wil-prd-wrt-stu-weu1-app-rsg","ee06cff9-d2d7-405a-8ce9-cf82fe78fbf6","/subscriptions/d4746c7a-19cb-47ac-82b5-069b17cb99de/resourceGroups/prod-platformshared/providers/Microsoft.OperationalInsights/workspaces/prodplatformshared-weu-log","False"
"/subscriptions/d4746c7a-19cb-47ac-82b5-069b17cb99de/resourceGroups/prod-platformshared/providers/Microsoft.OperationalInsights/workspaces/prodplatformshared-aue-log","Rail-PRD","australiaeast","wr-prod-ccvw","wr-prod-ccvw","ee06cff9-d2d7-405a-8ce9-cf82fe78fbf6","/subscriptions/d4746c7a-19cb-47ac-82b5-069b17cb99de/resourceGroups/prod-platformshared/providers/Microsoft.OperationalInsights/workspaces/prodplatformshared-aue-log","False"
"/subscriptions/d4746c7a-19cb-47ac-82b5-069b17cb99de/resourceGroups/prod-platformshared/providers/Microsoft.OperationalInsights/workspaces/prodplatformshared-aue-log","Rail-PRD","southeastasia","wr-prod-appinsights","wr-prod-apps","ee06cff9-d2d7-405a-8ce9-cf82fe78fbf6","/subscriptions/d4746c7a-19cb-47ac-82b5-069b17cb99de/resourceGroups/prod-platformshared/providers/Microsoft.OperationalInsights/workspaces/prodplatformshared-aue-log","False"
"/subscriptions/d4746c7a-19cb-47ac-82b5-069b17cb99de/resourceGroups/prod-platformshared/providers/Microsoft.OperationalInsights/workspaces/prodplatformshared-aue-log","Rail-PRD","australiaeast","wil-prd-wrt-aue1-ain","t3-wil-prd-wrt-aue1-lkp-rsg","ee06cff9-d2d7-405a-8ce9-cf82fe78fbf6","/subscriptions/d4746c7a-19cb-47ac-82b5-069b17cb99de/resourceGroups/prod-platformshared/providers/Microsoft.OperationalInsights/workspaces/prodplatformshared-aue-log","False"
"/subscriptions/d4746c7a-19cb-47ac-82b5-069b17cb99de/resourceGroups/prod-platformshared/providers/Microsoft.OperationalInsights/workspaces/prodplatformshared-aue-log","Rail-PRD","australiaeast","wr-prod-coreapi","wr-prod-apps","ee06cff9-d2d7-405a-8ce9-cf82fe78fbf6","/subscriptions/d4746c7a-19cb-47ac-82b5-069b17cb99de/resourceGroups/prod-platformshared/providers/Microsoft.OperationalInsights/workspaces/prodplatformshared-aue-log","False"
"/subscriptions/d4746c7a-19cb-47ac-82b5-069b17cb99de/resourceGroups/prod-platformshared/providers/Microsoft.OperationalInsights/workspaces/prodplatformshared-weu-log","Rail-PRD","westeurope","wil-wrt-prd-ain-weu","t3-wil-wrt-prd-rsg-app-weu","ee06cff9-d2d7-405a-8ce9-cf82fe78fbf6","/subscriptions/d4746c7a-19cb-47ac-82b5-069b17cb99de/resourceGroups/prod-platformshared/providers/Microsoft.OperationalInsights/workspaces/prodplatformshared-weu-log","False"
"/subscriptions/d4746c7a-19cb-47ac-82b5-069b17cb99de/resourceGroups/prod-platformshared/providers/Microsoft.OperationalInsights/workspaces/prodplatformshared-weu-log","Rail-PRD","westeurope","wr-prd-ccvw-web-win","wr-prd-extra-apps-win","ee06cff9-d2d7-405a-8ce9-cf82fe78fbf6","/subscriptions/d4746c7a-19cb-47ac-82b5-069b17cb99de/resourceGroups/prod-platformshared/providers/Microsoft.OperationalInsights/workspaces/prodplatformshared-weu-log","False"
"/subscriptions/d4746c7a-19cb-47ac-82b5-069b17cb99de/resourceGroups/prod-platformshared/providers/Microsoft.OperationalInsights/workspaces/prodplatformshared-aue-log","Mining-POC","australiaeast","wil-ncp-adm-aue1-ain","t3-wil-ncp-adm-aue1-app-rsg","0659c76d-fcbf-4e58-8bce-960b9e0cd100","/subscriptions/d4746c7a-19cb-47ac-82b5-069b17cb99de/resourceGroups/prod-platformshared/providers/Microsoft.OperationalInsights/workspaces/prodplatformshared-aue-log","False"
"/subscriptions/d4746c7a-19cb-47ac-82b5-069b17cb99de/resourceGroups/prod-platformshared/providers/Microsoft.OperationalInsights/workspaces/prodplatformshared-aue-log","Mining-POC","australiaeast","wil-ncp-mkp-ncp-aue1-ain","t3-wil-ncp-mkp-ncp-aue1-app-rsg","0659c76d-fcbf-4e58-8bce-960b9e0cd100","/subscriptions/d4746c7a-19cb-47ac-82b5-069b17cb99de/resourceGroups/prod-platformshared/providers/Microsoft.OperationalInsights/workspaces/prodplatformshared-aue-log","False"
"/subscriptions/d4746c7a-19cb-47ac-82b5-069b17cb99de/resourceGroups/prod-platformshared/providers/Microsoft.OperationalInsights/workspaces/prodplatformshared-aue-log","Mining-POC","australiaeast","wil-ncp-mkp-aue1-ain","t3-wil-ncp-mkp-aue1-app-rsg","0659c76d-fcbf-4e58-8bce-960b9e0cd100","/subscriptions/d4746c7a-19cb-47ac-82b5-069b17cb99de/resourceGroups/prod-platformshared/providers/Microsoft.OperationalInsights/workspaces/prodplatformshared-aue-log","False"
"/subscriptions/d4746c7a-19cb-47ac-82b5-069b17cb99de/resourceGroups/prod-platformshared/providers/Microsoft.OperationalInsights/workspaces/prodplatformshared-aue-log","Mining-POC","australiaeast","wil-ncp-lda-ncp-aue1-ain","t3-wil-ncp-lda-ncp-aue1-app-rsg","0659c76d-fcbf-4e58-8bce-960b9e0cd100","/subscriptions/d4746c7a-19cb-47ac-82b5-069b17cb99de/resourceGroups/prod-platformshared/providers/Microsoft.OperationalInsights/workspaces/prodplatformshared-aue-log","False"
"/subscriptions/d4746c7a-19cb-47ac-82b5-069b17cb99de/resourceGroups/prod-platformshared/providers/Microsoft.OperationalInsights/workspaces/prodplatformshared-aue-log","Mining-POC","australiaeast","wil-ncp-lda-aue1-ain","t3-wil-ncp-lda-aue1-app-rsg","0659c76d-fcbf-4e58-8bce-960b9e0cd100","/subscriptions/d4746c7a-19cb-47ac-82b5-069b17cb99de/resourceGroups/prod-platformshared/providers/Microsoft.OperationalInsights/workspaces/prodplatformshared-aue-log","False"
"/subscriptions/d4746c7a-19cb-47ac-82b5-069b17cb99de/resourceGroups/prod-platformshared/providers/Microsoft.OperationalInsights/workspaces/prodplatformshared-aue-log","Mining-POC","australiaeast","wil-ncp-plt-aue1-ain","t3-wil-ncp-plt-aue1-app-rsg","0659c76d-fcbf-4e58-8bce-960b9e0cd100","/subscriptions/d4746c7a-19cb-47ac-82b5-069b17cb99de/resourceGroups/prod-platformshared/providers/Microsoft.OperationalInsights/workspaces/prodplatformshared-aue-log","False"
"/subscriptions/178b67d7-b6fd-46db-b4a3-b57f8a6b045f/resourceGroups/nonprod-platformshared/providers/Microsoft.OperationalInsights/workspaces/nonprodplatformshared-aue-log","K8S-Internal-Environments","australiaeast","ain-twin-bhp-dev11-default-ed4ec1b2","rg-twin-bhp-dev11-default-a07b815b","7dab7b5a-d968-43a5-a50f-9509244c297b","/subscriptions/178b67d7-b6fd-46db-b4a3-b57f8a6b045f/resourceGroups/nonprod-platformshared/providers/Microsoft.OperationalInsights/workspaces/nonprodplatformshared-aue-log","False"
"/subscriptions/178b67d7-b6fd-46db-b4a3-b57f8a6b045f/resourceGroups/nonprod-platformshared/providers/Microsoft.OperationalInsights/workspaces/nonprodplatformshared-aue-log","K8S-Internal-Environments","australiaeast","ain-twin-red-dev2-default-ea787925","rg-twin-red-dev2-default-f3ef2b7d","7dab7b5a-d968-43a5-a50f-9509244c297b","/subscriptions/178b67d7-b6fd-46db-b4a3-b57f8a6b045f/resourceGroups/nonprod-platformshared/providers/Microsoft.OperationalInsights/workspaces/nonprodplatformshared-aue-log","False"
"/subscriptions/178b67d7-b6fd-46db-b4a3-b57f8a6b045f/resourceGroups/nonprod-platformshared/providers/Microsoft.OperationalInsights/workspaces/nonprodplatformshared-aue-log","K8S-Internal-Environments","australiaeast","ain-twin-bpi-dev-default-2c559f55","rg-twin-bpi-dev-default-5010acd8","7dab7b5a-d968-43a5-a50f-9509244c297b","/subscriptions/178b67d7-b6fd-46db-b4a3-b57f8a6b045f/resourceGroups/nonprod-platformshared/providers/Microsoft.OperationalInsights/workspaces/nonprodplatformshared-aue-log","False"
"/subscriptions/178b67d7-b6fd-46db-b4a3-b57f8a6b045f/resourceGroups/nonprod-platformshared/providers/Microsoft.OperationalInsights/workspaces/nonprodplatformshared-aue-log","K8S-Internal-Environments","australiaeast","ain-twin-bhp-dev7-default-d08b4b38","rg-twin-bhp-dev7-default-cf99e019","7dab7b5a-d968-43a5-a50f-9509244c297b","/subscriptions/178b67d7-b6fd-46db-b4a3-b57f8a6b045f/resourceGroups/nonprod-platformshared/providers/Microsoft.OperationalInsights/workspaces/nonprodplatformshared-aue-log","False"
"/subscriptions/178b67d7-b6fd-46db-b4a3-b57f8a6b045f/resourceGroups/nonprod-platformshared/providers/Microsoft.OperationalInsights/workspaces/nonprodplatformshared-aue-log","K8S-Internal-Environments","australiaeast","ain-twin-bdo-dev-default-18f08ba6","rg-twin-bdo-dev-default-b76f23b0","7dab7b5a-d968-43a5-a50f-9509244c297b","/subscriptions/178b67d7-b6fd-46db-b4a3-b57f8a6b045f/resourceGroups/nonprod-platformshared/providers/Microsoft.OperationalInsights/workspaces/nonprodplatformshared-aue-log","False"
"/subscriptions/178b67d7-b6fd-46db-b4a3-b57f8a6b045f/resourceGroups/nonprod-platformshared/providers/Microsoft.OperationalInsights/workspaces/nonprodplatformshared-aue-log","K8S-Internal-Environments","australiaeast","ain-twin-ust-dev-default-07ca151f","rg-twin-ust-dev-default-5aa3916c","7dab7b5a-d968-43a5-a50f-9509244c297b","/subscriptions/178b67d7-b6fd-46db-b4a3-b57f8a6b045f/resourceGroups/nonprod-platformshared/providers/Microsoft.OperationalInsights/workspaces/nonprodplatformshared-aue-log","False"
"/subscriptions/178b67d7-b6fd-46db-b4a3-b57f8a6b045f/resourceGroups/nonprod-platformshared/providers/Microsoft.OperationalInsights/workspaces/nonprodplatformshared-aue-log","K8S-Internal-Environments","australiaeast","ain-twin-bhp-dev8-default-2f8e9023","rg-twin-bhp-dev8-default-a28c4add","7dab7b5a-d968-43a5-a50f-9509244c297b","/subscriptions/178b67d7-b6fd-46db-b4a3-b57f8a6b045f/resourceGroups/nonprod-platformshared/providers/Microsoft.OperationalInsights/workspaces/nonprodplatformshared-aue-log","False"
"/subscriptions/178b67d7-b6fd-46db-b4a3-b57f8a6b045f/resourceGroups/nonprod-platformshared/providers/Microsoft.OperationalInsights/workspaces/nonprodplatformshared-aue-log","K8S-Internal-Environments","australiaeast","ain-twin-bhp-dev9-default-6c142e74","rg-twin-bhp-dev9-default-4efac8fe","7dab7b5a-d968-43a5-a50f-9509244c297b","/subscriptions/178b67d7-b6fd-46db-b4a3-b57f8a6b045f/resourceGroups/nonprod-platformshared/providers/Microsoft.OperationalInsights/workspaces/nonprodplatformshared-aue-log","False"
"/subscriptions/178b67d7-b6fd-46db-b4a3-b57f8a6b045f/resourceGroups/nonprod-platformshared/providers/Microsoft.OperationalInsights/workspaces/nonprodplatformshared-aue-log","K8S-Internal-Environments","australiaeast","ain-twin-msft-dev1-default-f70c22c3","rg-twin-msft-dev1-default-17fc42d2","7dab7b5a-d968-43a5-a50f-9509244c297b","/subscriptions/178b67d7-b6fd-46db-b4a3-b57f8a6b045f/resourceGroups/nonprod-platformshared/providers/Microsoft.OperationalInsights/workspaces/nonprodplatformshared-aue-log","False"
"/subscriptions/178b67d7-b6fd-46db-b4a3-b57f8a6b045f/resourceGroups/nonprod-platformshared/providers/Microsoft.OperationalInsights/workspaces/nonprodplatformshared-aue-log","K8S-Internal-Environments","australiaeast","ain-twin-ing-dev-default-7cc36a52","rg-twin-ing-dev-default-3a0d88c0","7dab7b5a-d968-43a5-a50f-9509244c297b","/subscriptions/178b67d7-b6fd-46db-b4a3-b57f8a6b045f/resourceGroups/nonprod-platformshared/providers/Microsoft.OperationalInsights/workspaces/nonprodplatformshared-aue-log","False"
"/subscriptions/178b67d7-b6fd-46db-b4a3-b57f8a6b045f/resourceGroups/nonprod-platformshared/providers/Microsoft.OperationalInsights/workspaces/nonprodplatformshared-aue-log","K8S-Internal-Environments","australiaeast","ain-twin-bhp-dev10-default-d2280782","rg-twin-bhp-dev10-default-0724a054","7dab7b5a-d968-43a5-a50f-9509244c297b","/subscriptions/178b67d7-b6fd-46db-b4a3-b57f8a6b045f/resourceGroups/nonprod-platformshared/providers/Microsoft.OperationalInsights/workspaces/nonprodplatformshared-aue-log","False"
"/subscriptions/178b67d7-b6fd-46db-b4a3-b57f8a6b045f/resourceGroups/nonprod-platformshared/providers/Microsoft.OperationalInsights/workspaces/nonprodplatformshared-aue-log","K8S-Internal-Environments","australiaeast","wil-dev-min-shr-aue2-ain","t2-wil-dev-min-shr-aue2-mgt-rsg","7dab7b5a-d968-43a5-a50f-9509244c297b","/subscriptions/178b67d7-b6fd-46db-b4a3-b57f8a6b045f/resourceGroups/nonprod-platformshared/providers/Microsoft.OperationalInsights/workspaces/nonprodplatformshared-aue-log","False"
"/subscriptions/178b67d7-b6fd-46db-b4a3-b57f8a6b045f/resourceGroups/nonprod-platformshared/providers/Microsoft.OperationalInsights/workspaces/nonprodplatformshared-aue-log","Platform-DEV","australiaeast","wil-dev-mkp-fac-aue1-ain","t3-wil-dev-mkp-fac-aue1-app-rsg","0be01d84-8432-4558-9aba-ecd204a3ee61","/subscriptions/178b67d7-b6fd-46db-b4a3-b57f8a6b045f/resourceGroups/nonprod-platformshared/providers/Microsoft.OperationalInsights/workspaces/nonprodplatformshared-aue-log","False"
"/subscriptions/178b67d7-b6fd-46db-b4a3-b57f8a6b045f/resourceGroups/nonprod-platformshared/providers/Microsoft.OperationalInsights/workspaces/nonprodplatformshared-aue-log","Platform-DEV","australiaeast","wil-dev-mkp-inf-aue1-ain","t3-wil-dev-mkp-inf-aue1-app-rsg","0be01d84-8432-4558-9aba-ecd204a3ee61","/subscriptions/178b67d7-b6fd-46db-b4a3-b57f8a6b045f/resourceGroups/nonprod-platformshared/providers/Microsoft.OperationalInsights/workspaces/nonprodplatformshared-aue-log","False"
"/subscriptions/178b67d7-b6fd-46db-b4a3-b57f8a6b045f/resourceGroups/nonprod-platformshared/providers/Microsoft.OperationalInsights/workspaces/nonprodplatformshared-aue-log","Platform-DEV","australiaeast","wil-dev-mkp-bac-aue1-ain","t3-wil-dev-mkp-bac-aue1-app-rsg","0be01d84-8432-4558-9aba-ecd204a3ee61","/subscriptions/178b67d7-b6fd-46db-b4a3-b57f8a6b045f/resourceGroups/nonprod-platformshared/providers/Microsoft.OperationalInsights/workspaces/nonprodplatformshared-aue-log","False"
"/subscriptions/178b67d7-b6fd-46db-b4a3-b57f8a6b045f/resourceGroups/nonprod-platformshared/providers/Microsoft.OperationalInsights/workspaces/nonprodplatformshared-aue-log","Platform-DEV","australiaeast","samsung-smartthings-dev","samsung-smartthings","0be01d84-8432-4558-9aba-ecd204a3ee61","/subscriptions/178b67d7-b6fd-46db-b4a3-b57f8a6b045f/resourceGroups/nonprod-platformshared/providers/Microsoft.OperationalInsights/workspaces/nonprodplatformshared-aue-log","False"
"/subscriptions/178b67d7-b6fd-46db-b4a3-b57f8a6b045f/resourceGroups/nonprod-platformshared/providers/Microsoft.OperationalInsights/workspaces/nonprodplatformshared-aue-log","Platform-DEV","australiaeast","wil-dev-mkp-vmd-aue1-ain","t3-wil-dev-mkp-vmd-aue1-app-rsg","0be01d84-8432-4558-9aba-ecd204a3ee61","/subscriptions/178b67d7-b6fd-46db-b4a3-b57f8a6b045f/resourceGroups/nonprod-platformshared/providers/Microsoft.OperationalInsights/workspaces/nonprodplatformshared-aue-log","False"
"/subscriptions/178b67d7-b6fd-46db-b4a3-b57f8a6b045f/resourceGroups/nonprod-platformshared/providers/Microsoft.OperationalInsights/workspaces/nonprodplatformshared-aue-log","Platform-DEV","australiaeast","wil-dev-mkp-smn-aue1-ain","t3-wil-dev-mkp-smn-aue1-app-rsg","0be01d84-8432-4558-9aba-ecd204a3ee61","/subscriptions/178b67d7-b6fd-46db-b4a3-b57f8a6b045f/resourceGroups/nonprod-platformshared/providers/Microsoft.OperationalInsights/workspaces/nonprodplatformshared-aue-log","False"
"/subscriptions/178b67d7-b6fd-46db-b4a3-b57f8a6b045f/resourceGroups/nonprod-platformshared/providers/Microsoft.OperationalInsights/workspaces/nonprodplatformshared-aue-log","Platform-DEV","australiaeast","wil-dev-mkp-cpt-aue1-ain","t3-wil-dev-mkp-cpt-aue1-app-rsg","0be01d84-8432-4558-9aba-ecd204a3ee61","/subscriptions/178b67d7-b6fd-46db-b4a3-b57f8a6b045f/resourceGroups/nonprod-platformshared/providers/Microsoft.OperationalInsights/workspaces/nonprodplatformshared-aue-log","False"
"/subscriptions/178b67d7-b6fd-46db-b4a3-b57f8a6b045f/resourceGroups/nonprod-platformshared/providers/Microsoft.OperationalInsights/workspaces/nonprodplatformshared-aue-log","Platform-DEV","australiaeast","wil-dev-msft-aue1-la","powerbi","0be01d84-8432-4558-9aba-ecd204a3ee61","/subscriptions/178b67d7-b6fd-46db-b4a3-b57f8a6b045f/resourceGroups/nonprod-platformshared/providers/Microsoft.OperationalInsights/workspaces/nonprodplatformshared-aue-log","False"
"/subscriptions/178b67d7-b6fd-46db-b4a3-b57f8a6b045f/resourceGroups/nonprod-platformshared/providers/Microsoft.OperationalInsights/workspaces/nonprodplatformshared-aue-log","Platform-DEV","australiaeast","wil-dev-mkp-ang-aue1-ain","t3-wil-dev-mkp-ang-aue1-app-rsg","0be01d84-8432-4558-9aba-ecd204a3ee61","/subscriptions/178b67d7-b6fd-46db-b4a3-b57f8a6b045f/resourceGroups/nonprod-platformshared/providers/Microsoft.OperationalInsights/workspaces/nonprodplatformshared-aue-log","False"
"/subscriptions/178b67d7-b6fd-46db-b4a3-b57f8a6b045f/resourceGroups/nonprod-platformshared/providers/Microsoft.OperationalInsights/workspaces/nonprodplatformshared-aue-log","Platform-DEV","australiaeast","wil-dev-mkp-lut-aue1-ain","t3-wil-dev-mkp-lut-aue1-app-rsg","0be01d84-8432-4558-9aba-ecd204a3ee61","/subscriptions/178b67d7-b6fd-46db-b4a3-b57f8a6b045f/resourceGroups/nonprod-platformshared/providers/Microsoft.OperationalInsights/workspaces/nonprodplatformshared-aue-log","False"
"/subscriptions/178b67d7-b6fd-46db-b4a3-b57f8a6b045f/resourceGroups/nonprod-platformshared/providers/Microsoft.OperationalInsights/workspaces/nonprodplatformshared-aue-log","Platform-DEV","australiaeast","wil-dev-mkp-oua-aue1-ain","t3-wil-dev-mkp-oua-aue1-app-rsg","0be01d84-8432-4558-9aba-ecd204a3ee61","/subscriptions/178b67d7-b6fd-46db-b4a3-b57f8a6b045f/resourceGroups/nonprod-platformshared/providers/Microsoft.OperationalInsights/workspaces/nonprodplatformshared-aue-log","False"
"/subscriptions/178b67d7-b6fd-46db-b4a3-b57f8a6b045f/resourceGroups/nonprod-platformshared/providers/Microsoft.OperationalInsights/workspaces/nonprodplatformshared-aue-log","Platform-DEV","australiaeast","willowpbirefresh","powerbi","0be01d84-8432-4558-9aba-ecd204a3ee61","/subscriptions/178b67d7-b6fd-46db-b4a3-b57f8a6b045f/resourceGroups/nonprod-platformshared/providers/Microsoft.OperationalInsights/workspaces/nonprodplatformshared-aue-log","False"
"/subscriptions/178b67d7-b6fd-46db-b4a3-b57f8a6b045f/resourceGroups/nonprod-platformshared/providers/Microsoft.OperationalInsights/workspaces/nonprodplatformshared-aue-log","Platform-DEV","australiaeast","wil-dev-lda-cu1-aue1-ain","t3-wil-dev-lda-cu1-aue1-app-rsg","0be01d84-8432-4558-9aba-ecd204a3ee61","/subscriptions/178b67d7-b6fd-46db-b4a3-b57f8a6b045f/resourceGroups/nonprod-platformshared/providers/Microsoft.OperationalInsights/workspaces/nonprodplatformshared-aue-log","False"
"/subscriptions/178b67d7-b6fd-46db-b4a3-b57f8a6b045f/resourceGroups/nonprod-platformshared/providers/Microsoft.OperationalInsights/workspaces/nonprodplatformshared-aue-log","Platform-DEV","eastus2","wil-dev-lda-cu1-eu21-ain","t3-wil-dev-lda-cu1-eu21-app-rsg","0be01d84-8432-4558-9aba-ecd204a3ee61","/subscriptions/178b67d7-b6fd-46db-b4a3-b57f8a6b045f/resourceGroups/nonprod-platformshared/providers/Microsoft.OperationalInsights/workspaces/nonprodplatformshared-aue-log","False"
"/subscriptions/178b67d7-b6fd-46db-b4a3-b57f8a6b045f/resourceGroups/nonprod-platformshared/providers/Microsoft.OperationalInsights/workspaces/nonprodplatformshared-aue-log","Platform-DEV","australiaeast","wil-dev-mkp-mch-aue1-ain","t3-wil-dev-mkp-mch-aue1-app-rsg","0be01d84-8432-4558-9aba-ecd204a3ee61","/subscriptions/178b67d7-b6fd-46db-b4a3-b57f8a6b045f/resourceGroups/nonprod-platformshared/providers/Microsoft.OperationalInsights/workspaces/nonprodplatformshared-aue-log","False"
"/subscriptions/178b67d7-b6fd-46db-b4a3-b57f8a6b045f/resourceGroups/nonprod-platformshared/providers/Microsoft.OperationalInsights/workspaces/nonprodplatformshared-aue-log","Platform-DEV","australiaeast","willow4088838081","powerbi","0be01d84-8432-4558-9aba-ecd204a3ee61","/subscriptions/178b67d7-b6fd-46db-b4a3-b57f8a6b045f/resourceGroups/nonprod-platformshared/providers/Microsoft.OperationalInsights/workspaces/nonprodplatformshared-aue-log","False"
"/subscriptions/178b67d7-b6fd-46db-b4a3-b57f8a6b045f/resourceGroups/nonprod-platformshared/providers/Microsoft.OperationalInsights/workspaces/nonprodplatformshared-aue-log","Platform-DEV","australiaeast","wil-dev-mkp-vci-aue1-ain","t3-wil-dev-mkp-vci-aue1-app-rsg","0be01d84-8432-4558-9aba-ecd204a3ee61","/subscriptions/178b67d7-b6fd-46db-b4a3-b57f8a6b045f/resourceGroups/nonprod-platformshared/providers/Microsoft.OperationalInsights/workspaces/nonprodplatformshared-aue-log","False"
"/subscriptions/178b67d7-b6fd-46db-b4a3-b57f8a6b045f/resourceGroups/nonprod-platformshared/providers/Microsoft.OperationalInsights/workspaces/nonprodplatformshared-aue-log","Platform-DEV","australiaeast","ValidateUserCredentials","t3-wil-dev-plt-aue1-app-rsg","0be01d84-8432-4558-9aba-ecd204a3ee61","/subscriptions/178b67d7-b6fd-46db-b4a3-b57f8a6b045f/resourceGroups/nonprod-platformshared/providers/Microsoft.OperationalInsights/workspaces/nonprodplatformshared-aue-log","False"
"/subscriptions/178b67d7-b6fd-46db-b4a3-b57f8a6b045f/resourceGroups/nonprod-platformshared/providers/Microsoft.OperationalInsights/workspaces/nonprodplatformshared-aue-log","Platform-DEV","australiaeast","wil-dev-mkp-vgs-aue1-ain","t3-wil-dev-mkp-vgs-aue1-app-rsg","0be01d84-8432-4558-9aba-ecd204a3ee61","/subscriptions/178b67d7-b6fd-46db-b4a3-b57f8a6b045f/resourceGroups/nonprod-platformshared/providers/Microsoft.OperationalInsights/workspaces/nonprodplatformshared-aue-log","False"
"/subscriptions/178b67d7-b6fd-46db-b4a3-b57f8a6b045f/resourceGroups/nonprod-platformshared/providers/Microsoft.OperationalInsights/workspaces/nonprodplatformshared-aue-log","Platform-DEV","australiaeast","wil-dev-mkp-aue1-ain","t3-wil-dev-mkp-aue1-app-rsg","0be01d84-8432-4558-9aba-ecd204a3ee61","/subscriptions/178b67d7-b6fd-46db-b4a3-b57f8a6b045f/resourceGroups/nonprod-platformshared/providers/Microsoft.OperationalInsights/workspaces/nonprodplatformshared-aue-log","False"
"/subscriptions/178b67d7-b6fd-46db-b4a3-b57f8a6b045f/resourceGroups/nonprod-platformshared/providers/Microsoft.OperationalInsights/workspaces/nonprodplatformshared-aue-log","Platform-DEV","australiaeast","wil-dev-mkp-oda-aue1-ain","t3-wil-dev-mkp-oda-aue1-app-rsg","0be01d84-8432-4558-9aba-ecd204a3ee61","/subscriptions/178b67d7-b6fd-46db-b4a3-b57f8a6b045f/resourceGroups/nonprod-platformshared/providers/Microsoft.OperationalInsights/workspaces/nonprodplatformshared-aue-log","False"
"/subscriptions/178b67d7-b6fd-46db-b4a3-b57f8a6b045f/resourceGroups/nonprod-platformshared/providers/Microsoft.OperationalInsights/workspaces/nonprodplatformshared-aue-log","Platform-DEV","australiaeast","wil-dev-mkp-imp-aue1-ain","t3-wil-dev-mkp-imp-aue1-app-rsg","0be01d84-8432-4558-9aba-ecd204a3ee61","/subscriptions/178b67d7-b6fd-46db-b4a3-b57f8a6b045f/resourceGroups/nonprod-platformshared/providers/Microsoft.OperationalInsights/workspaces/nonprodplatformshared-aue-log","False"
"/subscriptions/178b67d7-b6fd-46db-b4a3-b57f8a6b045f/resourceGroups/nonprod-platformshared/providers/Microsoft.OperationalInsights/workspaces/nonprodplatformshared-aue-log","Platform-DEV","australiaeast","wil-dev-mkp-ins-aue1-fnc","t3-wil-dev-mkp-ins-aue1-app-rsg","0be01d84-8432-4558-9aba-ecd204a3ee61","/subscriptions/178b67d7-b6fd-46db-b4a3-b57f8a6b045f/resourceGroups/nonprod-platformshared/providers/Microsoft.OperationalInsights/workspaces/nonprodplatformshared-aue-log","False"
"/subscriptions/178b67d7-b6fd-46db-b4a3-b57f8a6b045f/resourceGroups/nonprod-platformshared/providers/Microsoft.OperationalInsights/workspaces/nonprodplatformshared-aue-log","Platform-DEV","australiaeast","wil-dev-mkp-acc-aue1-ain","t3-wil-dev-mkp-acc-aue1-app-rsg","0be01d84-8432-4558-9aba-ecd204a3ee61","/subscriptions/178b67d7-b6fd-46db-b4a3-b57f8a6b045f/resourceGroups/nonprod-platformshared/providers/Microsoft.OperationalInsights/workspaces/nonprodplatformshared-aue-log","False"
"/subscriptions/178b67d7-b6fd-46db-b4a3-b57f8a6b045f/resourceGroups/nonprod-platformshared/providers/Microsoft.OperationalInsights/workspaces/nonprodplatformshared-aue-log","Platform-DEV","eastus2","wil-dev-lda-brf-eu21-ain","t3-wil-dev-lda-brf-eu21-app-rsg","0be01d84-8432-4558-9aba-ecd204a3ee61","/subscriptions/178b67d7-b6fd-46db-b4a3-b57f8a6b045f/resourceGroups/nonprod-platformshared/providers/Microsoft.OperationalInsights/workspaces/nonprodplatformshared-aue-log","False"
"/subscriptions/178b67d7-b6fd-46db-b4a3-b57f8a6b045f/resourceGroups/nonprod-platformshared/providers/Microsoft.OperationalInsights/workspaces/nonprodplatformshared-aue-log","Platform-DEV","australiaeast","wil-dev-adm-aue1-ain","t3-wil-dev-adm-aue1-app-rsg","0be01d84-8432-4558-9aba-ecd204a3ee61","/subscriptions/178b67d7-b6fd-46db-b4a3-b57f8a6b045f/resourceGroups/nonprod-platformshared/providers/Microsoft.OperationalInsights/workspaces/nonprodplatformshared-aue-log","False"
"/subscriptions/178b67d7-b6fd-46db-b4a3-b57f8a6b045f/resourceGroups/nonprod-platformshared/providers/Microsoft.OperationalInsights/workspaces/nonprodplatformshared-aue-log","Platform-DEV","australiaeast","wil-dev-mkp-ins-aue1-ain","t3-wil-dev-mkp-ins-aue1-app-rsg","0be01d84-8432-4558-9aba-ecd204a3ee61","/subscriptions/178b67d7-b6fd-46db-b4a3-b57f8a6b045f/resourceGroups/nonprod-platformshared/providers/Microsoft.OperationalInsights/workspaces/nonprodplatformshared-aue-log","False"
"/subscriptions/178b67d7-b6fd-46db-b4a3-b57f8a6b045f/resourceGroups/nonprod-platformshared/providers/Microsoft.OperationalInsights/workspaces/nonprodplatformshared-aue-log","Platform-DEV","australiaeast","wil-dev-mkp-sfm-aue1-ain","t3-wil-dev-mkp-sfm-aue1-app-rsg","0be01d84-8432-4558-9aba-ecd204a3ee61","/subscriptions/178b67d7-b6fd-46db-b4a3-b57f8a6b045f/resourceGroups/nonprod-platformshared/providers/Microsoft.OperationalInsights/workspaces/nonprodplatformshared-aue-log","False"
"/subscriptions/178b67d7-b6fd-46db-b4a3-b57f8a6b045f/resourceGroups/nonprod-platformshared/providers/Microsoft.OperationalInsights/workspaces/nonprodplatformshared-aue-log","Platform-DEV","australiaeast","wil-dev-alm-aue1-ain","t3-wil-dev-alm-aue1-app-rsg","0be01d84-8432-4558-9aba-ecd204a3ee61","/subscriptions/178b67d7-b6fd-46db-b4a3-b57f8a6b045f/resourceGroups/nonprod-platformshared/providers/Microsoft.OperationalInsights/workspaces/nonprodplatformshared-aue-log","False"
"/subscriptions/178b67d7-b6fd-46db-b4a3-b57f8a6b045f/resourceGroups/nonprod-platformshared/providers/Microsoft.OperationalInsights/workspaces/nonprodplatformshared-aue-log","Platform-DEV","australiaeast","wil-dev-mkp-247-aue1-ain","t3-wil-dev-mkp-247-aue1-app-rsg","0be01d84-8432-4558-9aba-ecd204a3ee61","/subscriptions/178b67d7-b6fd-46db-b4a3-b57f8a6b045f/resourceGroups/nonprod-platformshared/providers/Microsoft.OperationalInsights/workspaces/nonprodplatformshared-aue-log","False"
"/subscriptions/178b67d7-b6fd-46db-b4a3-b57f8a6b045f/resourceGroups/nonprod-platformshared/providers/Microsoft.OperationalInsights/workspaces/nonprodplatformshared-aue-log","Platform-DEV","eastus2","wil-dev-lda-msft-eu21-ain","t3-wil-dev-lda-msft-eu21-app-rsg","0be01d84-8432-4558-9aba-ecd204a3ee61","/subscriptions/178b67d7-b6fd-46db-b4a3-b57f8a6b045f/resourceGroups/nonprod-platformshared/providers/Microsoft.OperationalInsights/workspaces/nonprodplatformshared-aue-log","False"
"/subscriptions/178b67d7-b6fd-46db-b4a3-b57f8a6b045f/resourceGroups/nonprod-platformshared/providers/Microsoft.OperationalInsights/workspaces/nonprodplatformshared-aue-log","Platform-DEV","westus2","adtdemo","tony-digitaltwins","0be01d84-8432-4558-9aba-ecd204a3ee61","/subscriptions/178b67d7-b6fd-46db-b4a3-b57f8a6b045f/resourceGroups/nonprod-platformshared/providers/Microsoft.OperationalInsights/workspaces/nonprodplatformshared-aue-log","False"
"/subscriptions/178b67d7-b6fd-46db-b4a3-b57f8a6b045f/resourceGroups/nonprod-platformshared/providers/Microsoft.OperationalInsights/workspaces/nonprodplatformshared-aue-log","Platform-DEV","australiaeast","wil-dev-mkp-mod-aue1-ain","t3-wil-dev-mkp-mod-aue1-app-rsg","0be01d84-8432-4558-9aba-ecd204a3ee61","/subscriptions/178b67d7-b6fd-46db-b4a3-b57f8a6b045f/resourceGroups/nonprod-platformshared/providers/Microsoft.OperationalInsights/workspaces/nonprodplatformshared-aue-log","False"
"/subscriptions/178b67d7-b6fd-46db-b4a3-b57f8a6b045f/resourceGroups/nonprod-platformshared/providers/Microsoft.OperationalInsights/workspaces/nonprodplatformshared-aue-log","Platform-DEV","australiaeast","wil-dev-mkp-sap-aue1-ain","t3-wil-dev-mkp-sap-aue1-app-rsg","0be01d84-8432-4558-9aba-ecd204a3ee61","/subscriptions/178b67d7-b6fd-46db-b4a3-b57f8a6b045f/resourceGroups/nonprod-platformshared/providers/Microsoft.OperationalInsights/workspaces/nonprodplatformshared-aue-log","False"
"/subscriptions/178b67d7-b6fd-46db-b4a3-b57f8a6b045f/resourceGroups/nonprod-platformshared/providers/Microsoft.OperationalInsights/workspaces/nonprodplatformshared-aue-log","Platform-DEV","westus2","adt-livedataingest","tony-digitaltwins","0be01d84-8432-4558-9aba-ecd204a3ee61","/subscriptions/178b67d7-b6fd-46db-b4a3-b57f8a6b045f/resourceGroups/nonprod-platformshared/providers/Microsoft.OperationalInsights/workspaces/nonprodplatformshared-aue-log","False"
"/subscriptions/178b67d7-b6fd-46db-b4a3-b57f8a6b045f/resourceGroups/nonprod-platformshared/providers/Microsoft.OperationalInsights/workspaces/nonprodplatformshared-aue-log","Platform-DEV","australiaeast","wil-dev-alt-aue1-ain","t3-wil-dev-alt-aue1-app-rsg","0be01d84-8432-4558-9aba-ecd204a3ee61","/subscriptions/178b67d7-b6fd-46db-b4a3-b57f8a6b045f/resourceGroups/nonprod-platformshared/providers/Microsoft.OperationalInsights/workspaces/nonprodplatformshared-aue-log","False"
"/subscriptions/178b67d7-b6fd-46db-b4a3-b57f8a6b045f/resourceGroups/nonprod-platformshared/providers/Microsoft.OperationalInsights/workspaces/nonprodplatformshared-aue-log","Platform-DEV","australiaeast","wil-dev-mkp-ccr-aue1-ain","t3-wil-dev-mkp-ccr-aue1-app-rsg","0be01d84-8432-4558-9aba-ecd204a3ee61","/subscriptions/178b67d7-b6fd-46db-b4a3-b57f8a6b045f/resourceGroups/nonprod-platformshared/providers/Microsoft.OperationalInsights/workspaces/nonprodplatformshared-aue-log","False"
"/subscriptions/178b67d7-b6fd-46db-b4a3-b57f8a6b045f/resourceGroups/nonprod-platformshared/providers/Microsoft.OperationalInsights/workspaces/nonprodplatformshared-aue-log","Platform-DEV","australiaeast","wil-dev-lda-aue1-ain","t3-wil-dev-lda-aue1-app-rsg","0be01d84-8432-4558-9aba-ecd204a3ee61","/subscriptions/178b67d7-b6fd-46db-b4a3-b57f8a6b045f/resourceGroups/nonprod-platformshared/providers/Microsoft.OperationalInsights/workspaces/nonprodplatformshared-aue-log","False"
"/subscriptions/178b67d7-b6fd-46db-b4a3-b57f8a6b045f/resourceGroups/nonprod-platformshared/providers/Microsoft.OperationalInsights/workspaces/nonprodplatformshared-aue-log","Platform-DEV","eastus2","wil-dev-lda-eu21-ain","t3-wil-dev-lda-eu21-app-rsg","0be01d84-8432-4558-9aba-ecd204a3ee61","/subscriptions/178b67d7-b6fd-46db-b4a3-b57f8a6b045f/resourceGroups/nonprod-platformshared/providers/Microsoft.OperationalInsights/workspaces/nonprodplatformshared-aue-log","False"
"/subscriptions/178b67d7-b6fd-46db-b4a3-b57f8a6b045f/resourceGroups/nonprod-platformshared/providers/Microsoft.OperationalInsights/workspaces/nonprodplatformshared-aue-log","Platform-DEV","australiaeast","wil-dev-mkp-seb-aue1-ain","t3-wil-dev-mkp-seb-aue1-app-rsg","0be01d84-8432-4558-9aba-ecd204a3ee61","/subscriptions/178b67d7-b6fd-46db-b4a3-b57f8a6b045f/resourceGroups/nonprod-platformshared/providers/Microsoft.OperationalInsights/workspaces/nonprodplatformshared-aue-log","False"
"/subscriptions/178b67d7-b6fd-46db-b4a3-b57f8a6b045f/resourceGroups/nonprod-platformshared/providers/Microsoft.OperationalInsights/workspaces/nonprodplatformshared-aue-log","Platform-DEV","australiaeast","wil-dev-plt-aue1-ain","t3-wil-dev-plt-aue1-app-rsg","0be01d84-8432-4558-9aba-ecd204a3ee61","/subscriptions/178b67d7-b6fd-46db-b4a3-b57f8a6b045f/resourceGroups/nonprod-platformshared/providers/Microsoft.OperationalInsights/workspaces/nonprodplatformshared-aue-log","False"
"/subscriptions/178b67d7-b6fd-46db-b4a3-b57f8a6b045f/resourceGroups/nonprod-platformshared/providers/Microsoft.OperationalInsights/workspaces/nonprodplatformshared-aue-log","Platform-DEV","australiaeast","wil-dev-lda-testjp-aue1-ain","t3-wil-dev-lda-testjp-aue1-app-rsg","0be01d84-8432-4558-9aba-ecd204a3ee61","/subscriptions/178b67d7-b6fd-46db-b4a3-b57f8a6b045f/resourceGroups/nonprod-platformshared/providers/Microsoft.OperationalInsights/workspaces/nonprodplatformshared-aue-log","False"
"/subscriptions/178b67d7-b6fd-46db-b4a3-b57f8a6b045f/resourceGroups/nonprod-platformshared/providers/Microsoft.OperationalInsights/workspaces/nonprodplatformshared-aue-log","Platform-DEV","eastus2","wil-dev-plt-eu21-ain","t3-wil-dev-plt-eu21-app-rsg","0be01d84-8432-4558-9aba-ecd204a3ee61","/subscriptions/178b67d7-b6fd-46db-b4a3-b57f8a6b045f/resourceGroups/nonprod-platformshared/providers/Microsoft.OperationalInsights/workspaces/nonprodplatformshared-aue-log","False"
"/subscriptions/178b67d7-b6fd-46db-b4a3-b57f8a6b045f/resourceGroups/nonprod-platformshared/providers/Microsoft.OperationalInsights/workspaces/nonprodplatformshared-aue-log","K8S-INTERNAL","australiaeast","ain-twin-willow-nonprod-shared-3bd53e77","rg-twin-willow-nonprod-shared-4d08f921","178b67d7-b6fd-46db-b4a3-b57f8a6b045f","/subscriptions/178b67d7-b6fd-46db-b4a3-b57f8a6b045f/resourceGroups/nonprod-platformshared/providers/Microsoft.OperationalInsights/workspaces/nonprodplatformshared-aue-log","False"
"/subscriptions/178b67d7-b6fd-46db-b4a3-b57f8a6b045f/resourceGroups/nonprod-platformshared/providers/Microsoft.OperationalInsights/workspaces/nonprodplatformshared-aue-log","K8S-INTERNAL","australiaeast","ain-twin-willow-dev-shared-0a209131","rg-twin-willow-dev-shared-07e62bab","178b67d7-b6fd-46db-b4a3-b57f8a6b045f","/subscriptions/178b67d7-b6fd-46db-b4a3-b57f8a6b045f/resourceGroups/nonprod-platformshared/providers/Microsoft.OperationalInsights/workspaces/nonprodplatformshared-aue-log","False"
"/subscriptions/178b67d7-b6fd-46db-b4a3-b57f8a6b045f/resourcegroups/nonprod-platformshared/providers/microsoft.operationalinsights/workspaces/nonprodplatformshared-aue-log","K8S-INTERNAL","australiaeast","internal-devservices-ai78e56b96","internal-devservices","178b67d7-b6fd-46db-b4a3-b57f8a6b045f","/subscriptions/178b67d7-b6fd-46db-b4a3-b57f8a6b045f/resourceGroups/nonprod-platformshared/providers/Microsoft.OperationalInsights/workspaces/nonprodplatformshared-aue-log","False"
"/subscriptions/178b67d7-b6fd-46db-b4a3-b57f8a6b045f/resourceGroups/nonprod-platformshared/providers/Microsoft.OperationalInsights/workspaces/nonprodplatformshared-aue-log","Rail-UAT","eastus","wil-tst-wrt-eus1-ain","t3-wil-tst-wrt-eus1-app-rsg","0c69c2fd-b86e-4f3a-9cb6-a72eb9de9902","/subscriptions/178b67d7-b6fd-46db-b4a3-b57f8a6b045f/resourceGroups/nonprod-platformshared/providers/Microsoft.OperationalInsights/workspaces/nonprodplatformshared-aue-log","False"
"/subscriptions/178b67d7-b6fd-46db-b4a3-b57f8a6b045f/resourceGroups/nonprod-platformshared/providers/Microsoft.OperationalInsights/workspaces/nonprodplatformshared-aue-log","Rail-UAT","australiaeast","wil-wrt-uat-ain-aue","t3-wil-wrt-uat-rsg-app-aue","0c69c2fd-b86e-4f3a-9cb6-a72eb9de9902","/subscriptions/178b67d7-b6fd-46db-b4a3-b57f8a6b045f/resourceGroups/nonprod-platformshared/providers/Microsoft.OperationalInsights/workspaces/nonprodplatformshared-aue-log","False"
"/subscriptions/178b67d7-b6fd-46db-b4a3-b57f8a6b045f/resourceGroups/nonprod-platformshared/providers/Microsoft.OperationalInsights/workspaces/nonprodplatformshared-aue-log","Rail-UAT","australiaeast","wr-uat-importer-appinsights","wr-uat-importer-apps","0c69c2fd-b86e-4f3a-9cb6-a72eb9de9902","/subscriptions/178b67d7-b6fd-46db-b4a3-b57f8a6b045f/resourceGroups/nonprod-platformshared/providers/Microsoft.OperationalInsights/workspaces/nonprodplatformshared-aue-log","False"
"/subscriptions/178b67d7-b6fd-46db-b4a3-b57f8a6b045f/resourceGroups/nonprod-platformshared/providers/Microsoft.OperationalInsights/workspaces/nonprodplatformshared-aue-log","Rail-UAT","westeurope","wr-uat-ccvw","wr-uat-ccvw","0c69c2fd-b86e-4f3a-9cb6-a72eb9de9902","/subscriptions/178b67d7-b6fd-46db-b4a3-b57f8a6b045f/resourceGroups/nonprod-platformshared/providers/Microsoft.OperationalInsights/workspaces/nonprodplatformshared-aue-log","False"
"/subscriptions/178b67d7-b6fd-46db-b4a3-b57f8a6b045f/resourceGroups/nonprod-platformshared/providers/Microsoft.OperationalInsights/workspaces/nonprodplatformshared-aue-log","Build-DEV","australiaeast","wil-bld-dev-ain-aue","wil-bld-dev-rsg-app-aue","89a48b77-62f9-4bc3-8ddc-cd6db25fb0bc","/subscriptions/178b67d7-b6fd-46db-b4a3-b57f8a6b045f/resourceGroups/nonprod-platformshared/providers/Microsoft.OperationalInsights/workspaces/nonprodplatformshared-aue-log","False"
"/subscriptions/178b67d7-b6fd-46db-b4a3-b57f8a6b045f/resourceGroups/nonprod-platformshared/providers/Microsoft.OperationalInsights/workspaces/nonprodplatformshared-aue-log","Platform-UAT","australiaeast","wil-uat-mkp-aue1-ain","t3-wil-uat-mkp-aue1-app-rsg","f4edc7ff-4396-47be-bf14-90892e463848","/subscriptions/178b67d7-b6fd-46db-b4a3-b57f8a6b045f/resourceGroups/nonprod-platformshared/providers/Microsoft.OperationalInsights/workspaces/nonprodplatformshared-aue-log","False"
"/subscriptions/178b67d7-b6fd-46db-b4a3-b57f8a6b045f/resourceGroups/nonprod-platformshared/providers/Microsoft.OperationalInsights/workspaces/nonprodplatformshared-aue-log","Platform-UAT","australiaeast","wil-uat-mkp-smn-aue1-ain","t3-wil-uat-mkp-smn-aue1-app-rsg","f4edc7ff-4396-47be-bf14-90892e463848","/subscriptions/178b67d7-b6fd-46db-b4a3-b57f8a6b045f/resourceGroups/nonprod-platformshared/providers/Microsoft.OperationalInsights/workspaces/nonprodplatformshared-aue-log","False"
"/subscriptions/178b67d7-b6fd-46db-b4a3-b57f8a6b045f/resourceGroups/nonprod-platformshared/providers/Microsoft.OperationalInsights/workspaces/nonprodplatformshared-aue-log","Platform-UAT","australiaeast","wil-uat-adm-aue1-ain","t3-wil-uat-adm-aue1-app-rsg","f4edc7ff-4396-47be-bf14-90892e463848","/subscriptions/178b67d7-b6fd-46db-b4a3-b57f8a6b045f/resourceGroups/nonprod-platformshared/providers/Microsoft.OperationalInsights/workspaces/nonprodplatformshared-aue-log","False"
"/subscriptions/178b67d7-b6fd-46db-b4a3-b57f8a6b045f/resourceGroups/nonprod-platformshared/providers/Microsoft.OperationalInsights/workspaces/nonprodplatformshared-aue-log","Platform-UAT","australiaeast","wil-uat-lda-cu1-aue1-ain","t3-wil-uat-lda-cu1-aue1-app-rsg","f4edc7ff-4396-47be-bf14-90892e463848","/subscriptions/178b67d7-b6fd-46db-b4a3-b57f8a6b045f/resourceGroups/nonprod-platformshared/providers/Microsoft.OperationalInsights/workspaces/nonprodplatformshared-aue-log","False"
"/subscriptions/178b67d7-b6fd-46db-b4a3-b57f8a6b045f/resourceGroups/nonprod-platformshared/providers/Microsoft.OperationalInsights/workspaces/nonprodplatformshared-aue-log","Platform-UAT","australiaeast","wil-uat-lda-aue1-ain","t3-wil-uat-lda-aue1-app-rsg","f4edc7ff-4396-47be-bf14-90892e463848","/subscriptions/178b67d7-b6fd-46db-b4a3-b57f8a6b045f/resourceGroups/nonprod-platformshared/providers/Microsoft.OperationalInsights/workspaces/nonprodplatformshared-aue-log","False"
"/subscriptions/178b67d7-b6fd-46db-b4a3-b57f8a6b045f/resourceGroups/nonprod-platformshared/providers/Microsoft.OperationalInsights/workspaces/nonprodplatformshared-aue-log","Platform-UAT","australiaeast","wil-uat-mkp-lut-aue1-ain","t3-wil-uat-mkp-lut-aue1-app-rsg","f4edc7ff-4396-47be-bf14-90892e463848","/subscriptions/178b67d7-b6fd-46db-b4a3-b57f8a6b045f/resourceGroups/nonprod-platformshared/providers/Microsoft.OperationalInsights/workspaces/nonprodplatformshared-aue-log","False"
"/subscriptions/178b67d7-b6fd-46db-b4a3-b57f8a6b045f/resourceGroups/nonprod-platformshared/providers/Microsoft.OperationalInsights/workspaces/nonprodplatformshared-aue-log","Platform-UAT","australiaeast","wil-uat-mkp-imp-aue1-ain","t3-wil-uat-mkp-imp-aue1-app-rsg","f4edc7ff-4396-47be-bf14-90892e463848","/subscriptions/178b67d7-b6fd-46db-b4a3-b57f8a6b045f/resourceGroups/nonprod-platformshared/providers/Microsoft.OperationalInsights/workspaces/nonprodplatformshared-aue-log","False"
"/subscriptions/178b67d7-b6fd-46db-b4a3-b57f8a6b045f/resourceGroups/nonprod-platformshared/providers/Microsoft.OperationalInsights/workspaces/nonprodplatformshared-aue-log","Platform-UAT","australiaeast","wil-uat-mkp-oda-aue1-ain","t3-wil-uat-mkp-oda-aue1-app-rsg","f4edc7ff-4396-47be-bf14-90892e463848","/subscriptions/178b67d7-b6fd-46db-b4a3-b57f8a6b045f/resourceGroups/nonprod-platformshared/providers/Microsoft.OperationalInsights/workspaces/nonprodplatformshared-aue-log","False"
"/subscriptions/178b67d7-b6fd-46db-b4a3-b57f8a6b045f/resourceGroups/nonprod-platformshared/providers/Microsoft.OperationalInsights/workspaces/nonprodplatformshared-aue-log","Platform-UAT","australiaeast","wil-uat-mkp-acc-aue1-ain","t3-wil-uat-mkp-acc-aue1-app-rsg","f4edc7ff-4396-47be-bf14-90892e463848","/subscriptions/178b67d7-b6fd-46db-b4a3-b57f8a6b045f/resourceGroups/nonprod-platformshared/providers/Microsoft.OperationalInsights/workspaces/nonprodplatformshared-aue-log","False"
"/subscriptions/178b67d7-b6fd-46db-b4a3-b57f8a6b045f/resourceGroups/nonprod-platformshared/providers/Microsoft.OperationalInsights/workspaces/nonprodplatformshared-aue-log","Platform-UAT","australiaeast","wil-uat-mkp-oua-aue1-ain","t3-wil-uat-mkp-oua-aue1-app-rsg","f4edc7ff-4396-47be-bf14-90892e463848","/subscriptions/178b67d7-b6fd-46db-b4a3-b57f8a6b045f/resourceGroups/nonprod-platformshared/providers/Microsoft.OperationalInsights/workspaces/nonprodplatformshared-aue-log","False"
"/subscriptions/178b67d7-b6fd-46db-b4a3-b57f8a6b045f/resourceGroups/nonprod-platformshared/providers/Microsoft.OperationalInsights/workspaces/nonprodplatformshared-aue-log","Platform-UAT","eastus2","wil-uat-smartp-msft-eu21-ain","t3-wil-uat-smartp-msft-eu21-app-rsg","f4edc7ff-4396-47be-bf14-90892e463848","/subscriptions/178b67d7-b6fd-46db-b4a3-b57f8a6b045f/resourceGroups/nonprod-platformshared/providers/Microsoft.OperationalInsights/workspaces/nonprodplatformshared-aue-log","False"
"/subscriptions/178b67d7-b6fd-46db-b4a3-b57f8a6b045f/resourceGroups/nonprod-platformshared/providers/Microsoft.OperationalInsights/workspaces/nonprodplatformshared-aue-log","Platform-UAT","eastus2","wil-uat-lda-cu1-eu21-ain","t3-wil-uat-lda-cu1-eu21-app-rsg","f4edc7ff-4396-47be-bf14-90892e463848","/subscriptions/178b67d7-b6fd-46db-b4a3-b57f8a6b045f/resourceGroups/nonprod-platformshared/providers/Microsoft.OperationalInsights/workspaces/nonprodplatformshared-aue-log","False"
"/subscriptions/178b67d7-b6fd-46db-b4a3-b57f8a6b045f/resourceGroups/nonprod-platformshared/providers/Microsoft.OperationalInsights/workspaces/nonprodplatformshared-aue-log","Platform-UAT","australiaeast","wil-uat-mkp-fac-aue1-ain","t3-wil-uat-mkp-fac-aue1-app-rsg","f4edc7ff-4396-47be-bf14-90892e463848","/subscriptions/178b67d7-b6fd-46db-b4a3-b57f8a6b045f/resourceGroups/nonprod-platformshared/providers/Microsoft.OperationalInsights/workspaces/nonprodplatformshared-aue-log","False"
"/subscriptions/178b67d7-b6fd-46db-b4a3-b57f8a6b045f/resourceGroups/nonprod-platformshared/providers/Microsoft.OperationalInsights/workspaces/nonprodplatformshared-aue-log","Platform-UAT","australiaeast","wil-uat-mkp-vmd-aue1-ain","t3-wil-uat-mkp-vmd-aue1-app-rsg","f4edc7ff-4396-47be-bf14-90892e463848","/subscriptions/178b67d7-b6fd-46db-b4a3-b57f8a6b045f/resourceGroups/nonprod-platformshared/providers/Microsoft.OperationalInsights/workspaces/nonprodplatformshared-aue-log","False"
"/subscriptions/178b67d7-b6fd-46db-b4a3-b57f8a6b045f/resourceGroups/nonprod-platformshared/providers/Microsoft.OperationalInsights/workspaces/nonprodplatformshared-aue-log","Platform-UAT","australiaeast","wil-uat-mkp-ang-aue1-ain","t3-wil-uat-mkp-ang-aue1-app-rsg","f4edc7ff-4396-47be-bf14-90892e463848","/subscriptions/178b67d7-b6fd-46db-b4a3-b57f8a6b045f/resourceGroups/nonprod-platformshared/providers/Microsoft.OperationalInsights/workspaces/nonprodplatformshared-aue-log","False"
"/subscriptions/178b67d7-b6fd-46db-b4a3-b57f8a6b045f/resourceGroups/nonprod-platformshared/providers/Microsoft.OperationalInsights/workspaces/nonprodplatformshared-aue-log","Platform-UAT","eastus2","wil-uat-lda-brf-eu21-ain","t3-wil-uat-lda-brf-eu21-app-rsg","f4edc7ff-4396-47be-bf14-90892e463848","/subscriptions/178b67d7-b6fd-46db-b4a3-b57f8a6b045f/resourceGroups/nonprod-platformshared/providers/Microsoft.OperationalInsights/workspaces/nonprodplatformshared-aue-log","False"
"/subscriptions/178b67d7-b6fd-46db-b4a3-b57f8a6b045f/resourceGroups/nonprod-platformshared/providers/Microsoft.OperationalInsights/workspaces/nonprodplatformshared-aue-log","Platform-UAT","australiaeast","wil-uat-mkp-mod-aue1-ain","t3-wil-uat-mkp-mod-aue1-app-rsg","f4edc7ff-4396-47be-bf14-90892e463848","/subscriptions/178b67d7-b6fd-46db-b4a3-b57f8a6b045f/resourceGroups/nonprod-platformshared/providers/Microsoft.OperationalInsights/workspaces/nonprodplatformshared-aue-log","False"
"/subscriptions/178b67d7-b6fd-46db-b4a3-b57f8a6b045f/resourceGroups/nonprod-platformshared/providers/Microsoft.OperationalInsights/workspaces/nonprodplatformshared-aue-log","Platform-UAT","australiaeast","wil-uat-mkp-sap-aue1-ain","t3-wil-uat-mkp-sap-aue1-app-rsg","f4edc7ff-4396-47be-bf14-90892e463848","/subscriptions/178b67d7-b6fd-46db-b4a3-b57f8a6b045f/resourceGroups/nonprod-platformshared/providers/Microsoft.OperationalInsights/workspaces/nonprodplatformshared-aue-log","False"
"/subscriptions/178b67d7-b6fd-46db-b4a3-b57f8a6b045f/resourceGroups/nonprod-platformshared/providers/Microsoft.OperationalInsights/workspaces/nonprodplatformshared-aue-log","Platform-UAT","australiaeast","wil-uat-mkp-mch-aue1-ain","t3-wil-uat-mkp-mch-aue1-app-rsg","f4edc7ff-4396-47be-bf14-90892e463848","/subscriptions/178b67d7-b6fd-46db-b4a3-b57f8a6b045f/resourceGroups/nonprod-platformshared/providers/Microsoft.OperationalInsights/workspaces/nonprodplatformshared-aue-log","False"
"/subscriptions/178b67d7-b6fd-46db-b4a3-b57f8a6b045f/resourceGroups/nonprod-platformshared/providers/Microsoft.OperationalInsights/workspaces/nonprodplatformshared-aue-log","Platform-UAT","australiaeast","wil-uat-mkp-ins-aue1-ain","t3-wil-uat-mkp-ins-aue1-app-rsg","f4edc7ff-4396-47be-bf14-90892e463848","/subscriptions/178b67d7-b6fd-46db-b4a3-b57f8a6b045f/resourceGroups/nonprod-platformshared/providers/Microsoft.OperationalInsights/workspaces/nonprodplatformshared-aue-log","False"
"/subscriptions/178b67d7-b6fd-46db-b4a3-b57f8a6b045f/resourceGroups/nonprod-platformshared/providers/Microsoft.OperationalInsights/workspaces/nonprodplatformshared-aue-log","Platform-UAT","australiaeast","wil-uat-alm-aue1-ain","t3-wil-uat-alm-aue1-app-rsg","f4edc7ff-4396-47be-bf14-90892e463848","/subscriptions/178b67d7-b6fd-46db-b4a3-b57f8a6b045f/resourceGroups/nonprod-platformshared/providers/Microsoft.OperationalInsights/workspaces/nonprodplatformshared-aue-log","False"
"/subscriptions/178b67d7-b6fd-46db-b4a3-b57f8a6b045f/resourceGroups/nonprod-platformshared/providers/Microsoft.OperationalInsights/workspaces/nonprodplatformshared-aue-log","Platform-UAT","eastus2","wil-uat-alm-eu21-ain","t3-wil-uat-alm-eu21-app-rsg","f4edc7ff-4396-47be-bf14-90892e463848","/subscriptions/178b67d7-b6fd-46db-b4a3-b57f8a6b045f/resourceGroups/nonprod-platformshared/providers/Microsoft.OperationalInsights/workspaces/nonprodplatformshared-aue-log","False"
"/subscriptions/178b67d7-b6fd-46db-b4a3-b57f8a6b045f/resourceGroups/nonprod-platformshared/providers/Microsoft.OperationalInsights/workspaces/nonprodplatformshared-aue-log","Platform-UAT","australiaeast","wil-uat-lda-inv-aue1-ain","t3-wil-uat-lda-inv-aue1-app-rsg","f4edc7ff-4396-47be-bf14-90892e463848","/subscriptions/178b67d7-b6fd-46db-b4a3-b57f8a6b045f/resourceGroups/nonprod-platformshared/providers/Microsoft.OperationalInsights/workspaces/nonprodplatformshared-aue-log","False"
"/subscriptions/178b67d7-b6fd-46db-b4a3-b57f8a6b045f/resourceGroups/nonprod-platformshared/providers/Microsoft.OperationalInsights/workspaces/nonprodplatformshared-aue-log","Platform-UAT","australiaeast","wil-uat-mkp-vci-aue1-ain","t3-wil-uat-mkp-vci-aue1-app-rsg","f4edc7ff-4396-47be-bf14-90892e463848","/subscriptions/178b67d7-b6fd-46db-b4a3-b57f8a6b045f/resourceGroups/nonprod-platformshared/providers/Microsoft.OperationalInsights/workspaces/nonprodplatformshared-aue-log","False"
"/subscriptions/178b67d7-b6fd-46db-b4a3-b57f8a6b045f/resourceGroups/nonprod-platformshared/providers/Microsoft.OperationalInsights/workspaces/nonprodplatformshared-aue-log","Platform-UAT","australiaeast","wil-uat-mkp-ccr-aue1-ain","t3-wil-uat-mkp-ccr-aue1-app-rsg","f4edc7ff-4396-47be-bf14-90892e463848","/subscriptions/178b67d7-b6fd-46db-b4a3-b57f8a6b045f/resourceGroups/nonprod-platformshared/providers/Microsoft.OperationalInsights/workspaces/nonprodplatformshared-aue-log","False"
"/subscriptions/178b67d7-b6fd-46db-b4a3-b57f8a6b045f/resourceGroups/nonprod-platformshared/providers/Microsoft.OperationalInsights/workspaces/nonprodplatformshared-aue-log","Platform-UAT","eastus2","wil-uat-lda-eu22-ain","t3-wil-uat-lda-eu22-app-rsg","f4edc7ff-4396-47be-bf14-90892e463848","/subscriptions/178b67d7-b6fd-46db-b4a3-b57f8a6b045f/resourceGroups/nonprod-platformshared/providers/Microsoft.OperationalInsights/workspaces/nonprodplatformshared-aue-log","False"
"/subscriptions/178b67d7-b6fd-46db-b4a3-b57f8a6b045f/resourceGroups/nonprod-platformshared/providers/Microsoft.OperationalInsights/workspaces/nonprodplatformshared-aue-log","Platform-UAT","australiaeast","wil-uat-mkp-cpt-aue1-ain","t3-wil-uat-mkp-cpt-aue1-app-rsg","f4edc7ff-4396-47be-bf14-90892e463848","/subscriptions/178b67d7-b6fd-46db-b4a3-b57f8a6b045f/resourceGroups/nonprod-platformshared/providers/Microsoft.OperationalInsights/workspaces/nonprodplatformshared-aue-log","False"
"/subscriptions/178b67d7-b6fd-46db-b4a3-b57f8a6b045f/resourceGroups/nonprod-platformshared/providers/Microsoft.OperationalInsights/workspaces/nonprodplatformshared-aue-log","Platform-UAT","australiaeast","wil-uat-mkp-bac-aue1-ain","t3-wil-uat-mkp-bac-aue1-app-rsg","f4edc7ff-4396-47be-bf14-90892e463848","/subscriptions/178b67d7-b6fd-46db-b4a3-b57f8a6b045f/resourceGroups/nonprod-platformshared/providers/Microsoft.OperationalInsights/workspaces/nonprodplatformshared-aue-log","False"
"/subscriptions/178b67d7-b6fd-46db-b4a3-b57f8a6b045f/resourceGroups/nonprod-platformshared/providers/Microsoft.OperationalInsights/workspaces/nonprodplatformshared-aue-log","Platform-UAT","australiaeast","wil-uat-alt-aue1-ain","t3-wil-uat-alt-aue1-app-rsg","f4edc7ff-4396-47be-bf14-90892e463848","/subscriptions/178b67d7-b6fd-46db-b4a3-b57f8a6b045f/resourceGroups/nonprod-platformshared/providers/Microsoft.OperationalInsights/workspaces/nonprodplatformshared-aue-log","False"
"/subscriptions/178b67d7-b6fd-46db-b4a3-b57f8a6b045f/resourceGroups/nonprod-platformshared/providers/Microsoft.OperationalInsights/workspaces/nonprodplatformshared-aue-log","Platform-UAT","australiaeast","wil-uat-mkp-247-aue1-ain","t3-wil-uat-mkp-247-aue1-app-rsg","f4edc7ff-4396-47be-bf14-90892e463848","/subscriptions/178b67d7-b6fd-46db-b4a3-b57f8a6b045f/resourceGroups/nonprod-platformshared/providers/Microsoft.OperationalInsights/workspaces/nonprodplatformshared-aue-log","False"
"/subscriptions/178b67d7-b6fd-46db-b4a3-b57f8a6b045f/resourceGroups/nonprod-platformshared/providers/Microsoft.OperationalInsights/workspaces/nonprodplatformshared-aue-log","Platform-UAT","eastus2","wil-uat-lda-eu21-ain","t3-wil-uat-lda-eu21-app-rsg","f4edc7ff-4396-47be-bf14-90892e463848","/subscriptions/178b67d7-b6fd-46db-b4a3-b57f8a6b045f/resourceGroups/nonprod-platformshared/providers/Microsoft.OperationalInsights/workspaces/nonprodplatformshared-aue-log","False"
"/subscriptions/178b67d7-b6fd-46db-b4a3-b57f8a6b045f/resourceGroups/nonprod-platformshared/providers/Microsoft.OperationalInsights/workspaces/nonprodplatformshared-aue-log","Platform-UAT","australiaeast","wil-uat-mkp-inf-aue1-ain","t3-wil-uat-mkp-inf-aue1-app-rsg","f4edc7ff-4396-47be-bf14-90892e463848","/subscriptions/178b67d7-b6fd-46db-b4a3-b57f8a6b045f/resourceGroups/nonprod-platformshared/providers/Microsoft.OperationalInsights/workspaces/nonprodplatformshared-aue-log","False"
"/subscriptions/178b67d7-b6fd-46db-b4a3-b57f8a6b045f/resourceGroups/nonprod-platformshared/providers/Microsoft.OperationalInsights/workspaces/nonprodplatformshared-aue-log","Platform-UAT","australiaeast","wil-uat-mkp-sfm-aue1-ain","t3-wil-uat-mkp-sfm-aue1-app-rsg","f4edc7ff-4396-47be-bf14-90892e463848","/subscriptions/178b67d7-b6fd-46db-b4a3-b57f8a6b045f/resourceGroups/nonprod-platformshared/providers/Microsoft.OperationalInsights/workspaces/nonprodplatformshared-aue-log","False"
"/subscriptions/178b67d7-b6fd-46db-b4a3-b57f8a6b045f/resourceGroups/nonprod-platformshared/providers/Microsoft.OperationalInsights/workspaces/nonprodplatformshared-aue-log","Platform-UAT","australiaeast","wil-uat-mkp-vgs-aue1-ain","t3-wil-uat-mkp-vgs-aue1-app-rsg","f4edc7ff-4396-47be-bf14-90892e463848","/subscriptions/178b67d7-b6fd-46db-b4a3-b57f8a6b045f/resourceGroups/nonprod-platformshared/providers/Microsoft.OperationalInsights/workspaces/nonprodplatformshared-aue-log","False"
"/subscriptions/178b67d7-b6fd-46db-b4a3-b57f8a6b045f/resourceGroups/nonprod-platformshared/providers/Microsoft.OperationalInsights/workspaces/nonprodplatformshared-aue-log","Platform-UAT","eastus2","wil-uat-plt-eu21-ain","t3-wil-uat-plt-eu21-app-rsg","f4edc7ff-4396-47be-bf14-90892e463848","/subscriptions/178b67d7-b6fd-46db-b4a3-b57f8a6b045f/resourceGroups/nonprod-platformshared/providers/Microsoft.OperationalInsights/workspaces/nonprodplatformshared-aue-log","False"
"/subscriptions/178b67d7-b6fd-46db-b4a3-b57f8a6b045f/resourceGroups/nonprod-platformshared/providers/Microsoft.OperationalInsights/workspaces/nonprodplatformshared-aue-log","Platform-UAT","australiaeast","wil-uat-plt-aue1-ain","t3-wil-uat-plt-aue1-app-rsg","f4edc7ff-4396-47be-bf14-90892e463848","/subscriptions/178b67d7-b6fd-46db-b4a3-b57f8a6b045f/resourceGroups/nonprod-platformshared/providers/Microsoft.OperationalInsights/workspaces/nonprodplatformshared-aue-log","False"
"/subscriptions/178b67d7-b6fd-46db-b4a3-b57f8a6b045f/resourceGroups/nonprod-platformshared/providers/Microsoft.OperationalInsights/workspaces/nonprodplatformshared-aue-log","Platform-UAT","australiaeast","wil-uat-mkp-seb-aue1-ain","t3-wil-uat-mkp-seb-aue1-app-rsg","f4edc7ff-4396-47be-bf14-90892e463848","/subscriptions/178b67d7-b6fd-46db-b4a3-b57f8a6b045f/resourceGroups/nonprod-platformshared/providers/Microsoft.OperationalInsights/workspaces/nonprodplatformshared-aue-log","False"
"/subscriptions/178b67d7-b6fd-46db-b4a3-b57f8a6b045f/resourceGroups/nonprod-platformshared/providers/Microsoft.OperationalInsights/workspaces/nonprodplatformshared-aue-log","SandboxShared","westus","WillowCommunicationsService","jimspoc","249312a0-4c83-4d73-b164-18c5e72bf219","/subscriptions/178b67d7-b6fd-46db-b4a3-b57f8a6b045f/resourceGroups/nonprod-platformshared/providers/Microsoft.OperationalInsights/workspaces/nonprodplatformshared-aue-log","False"
"/subscriptions/178b67d7-b6fd-46db-b4a3-b57f8a6b045f/resourceGroups/nonprod-platformshared/providers/Microsoft.OperationalInsights/workspaces/nonprodplatformshared-aue-log","SandboxShared","australiaeast","ain-twin-willow-sbx-shared-dbaaf056","rg-twin-willow-sbx-shared-ea228abf","249312a0-4c83-4d73-b164-18c5e72bf219","/subscriptions/178b67d7-b6fd-46db-b4a3-b57f8a6b045f/resourceGroups/nonprod-platformshared/providers/Microsoft.OperationalInsights/workspaces/nonprodplatformshared-aue-log","False"
"/subscriptions/178b67d7-b6fd-46db-b4a3-b57f8a6b045f/resourceGroups/nonprod-platformshared/providers/Microsoft.OperationalInsights/workspaces/nonprodplatformshared-aue-log","SandboxShared","westus2","rules-engine-poc","rules-engine-poc","249312a0-4c83-4d73-b164-18c5e72bf219","/subscriptions/178b67d7-b6fd-46db-b4a3-b57f8a6b045f/resourceGroups/nonprod-platformshared/providers/Microsoft.OperationalInsights/workspaces/nonprodplatformshared-aue-log","False"
"/subscriptions/178b67d7-b6fd-46db-b4a3-b57f8a6b045f/resourceGroups/nonprod-platformshared/providers/Microsoft.OperationalInsights/workspaces/nonprodplatformshared-aue-log","SandboxShared","westeurope","wr-sbx-ccvw","wr-sbx-ccvw","249312a0-4c83-4d73-b164-18c5e72bf219","/subscriptions/178b67d7-b6fd-46db-b4a3-b57f8a6b045f/resourceGroups/nonprod-platformshared/providers/Microsoft.OperationalInsights/workspaces/nonprodplatformshared-aue-log","False"
"/subscriptions/178b67d7-b6fd-46db-b4a3-b57f8a6b045f/resourceGroups/nonprod-platformshared/providers/Microsoft.OperationalInsights/workspaces/nonprodplatformshared-aue-log","SandboxShared","australiaeast","ain-twin-ubery-dev-default-acc243b1","rg-twin-ubery-dev-default-7da356f3","249312a0-4c83-4d73-b164-18c5e72bf219","/subscriptions/178b67d7-b6fd-46db-b4a3-b57f8a6b045f/resourceGroups/nonprod-platformshared/providers/Microsoft.OperationalInsights/workspaces/nonprodplatformshared-aue-log","False"
"/subscriptions/178b67d7-b6fd-46db-b4a3-b57f8a6b045f/resourceGroups/nonprod-platformshared/providers/Microsoft.OperationalInsights/workspaces/nonprodplatformshared-aue-log","SandboxShared","australiaeast","ain-twin-mining-dev-17610a94","rg-twin-mining-dev-99272bf0","249312a0-4c83-4d73-b164-18c5e72bf219","/subscriptions/178b67d7-b6fd-46db-b4a3-b57f8a6b045f/resourceGroups/nonprod-platformshared/providers/Microsoft.OperationalInsights/workspaces/nonprodplatformshared-aue-log","False"
"/subscriptions/178b67d7-b6fd-46db-b4a3-b57f8a6b045f/resourceGroups/nonprod-platformshared/providers/Microsoft.OperationalInsights/workspaces/nonprodplatformshared-aue-log","SandboxShared","australiaeast","ain-twin-rail-dev1-default-2519ad08","rg-twin-rail-dev1-default-ae2cc879","249312a0-4c83-4d73-b164-18c5e72bf219","/subscriptions/178b67d7-b6fd-46db-b4a3-b57f8a6b045f/resourceGroups/nonprod-platformshared/providers/Microsoft.OperationalInsights/workspaces/nonprodplatformshared-aue-log","False"
"/subscriptions/178b67d7-b6fd-46db-b4a3-b57f8a6b045f/resourceGroups/nonprod-platformshared/providers/Microsoft.OperationalInsights/workspaces/nonprodplatformshared-aue-log","SandboxShared","australiaeast","wil-sbx-iot-cu1-aue1-edgeadaptertouie","t3-wil-sbx-iot-aue-rsg","249312a0-4c83-4d73-b164-18c5e72bf219","/subscriptions/178b67d7-b6fd-46db-b4a3-b57f8a6b045f/resourceGroups/nonprod-platformshared/providers/Microsoft.OperationalInsights/workspaces/nonprodplatformshared-aue-log","False"
"/subscriptions/178b67d7-b6fd-46db-b4a3-b57f8a6b045f/resourceGroups/nonprod-platformshared/providers/Microsoft.OperationalInsights/workspaces/nonprodplatformshared-aue-log","Rail-PRE","australiasoutheast","wil-wrt-pre-ain-aus","t3-wil-wrt-pre-rsg-app-aus","1bc38ca0-6f7f-4f68-946f-5359d9ace66a","/subscriptions/178b67d7-b6fd-46db-b4a3-b57f8a6b045f/resourceGroups/nonprod-platformshared/providers/Microsoft.OperationalInsights/workspaces/nonprodplatformshared-aue-log","False"
"/subscriptions/178b67d7-b6fd-46db-b4a3-b57f8a6b045f/resourceGroups/nonprod-platformshared/providers/Microsoft.OperationalInsights/workspaces/nonprodplatformshared-aue-log","Rail-PRE","westeurope","wr-pre-ccvw","wr-pre-ccvw","1bc38ca0-6f7f-4f68-946f-5359d9ace66a","/subscriptions/178b67d7-b6fd-46db-b4a3-b57f8a6b045f/resourceGroups/nonprod-platformshared/providers/Microsoft.OperationalInsights/workspaces/nonprodplatformshared-aue-log","False"
"/subscriptions/178b67d7-b6fd-46db-b4a3-b57f8a6b045f/resourceGroups/nonprod-platformshared/providers/Microsoft.OperationalInsights/workspaces/nonprodplatformshared-aue-log","Rail-PRE","australiaeast","wil-wrt-rpoc-ain-aue","t3-wil-wrt-rpoc-rsg-app-aue","1bc38ca0-6f7f-4f68-946f-5359d9ace66a","/subscriptions/178b67d7-b6fd-46db-b4a3-b57f8a6b045f/resourceGroups/nonprod-platformshared/providers/Microsoft.OperationalInsights/workspaces/nonprodplatformshared-aue-log","False"
"/subscriptions/178b67d7-b6fd-46db-b4a3-b57f8a6b045f/resourceGroups/nonprod-platformshared/providers/Microsoft.OperationalInsights/workspaces/nonprodplatformshared-aue-log","Rail-PRE","australiaeast","wil-wrt-mpoc-ain-aue","t3-wil-wrt-mpoc-rsg-app-aue","1bc38ca0-6f7f-4f68-946f-5359d9ace66a","/subscriptions/178b67d7-b6fd-46db-b4a3-b57f8a6b045f/resourceGroups/nonprod-platformshared/providers/Microsoft.OperationalInsights/workspaces/nonprodplatformshared-aue-log","False"
"/subscriptions/178b67d7-b6fd-46db-b4a3-b57f8a6b045f/resourceGroups/nonprod-platformshared/providers/Microsoft.OperationalInsights/workspaces/nonprodplatformshared-aue-log","Rail-PRE","westeurope","wil-pre-wrt-shr-weu1-ain","t2-wil-pre-wrt-shr-weu1-apim-rsg","1bc38ca0-6f7f-4f68-946f-5359d9ace66a","/subscriptions/178b67d7-b6fd-46db-b4a3-b57f8a6b045f/resourceGroups/nonprod-platformshared/providers/Microsoft.OperationalInsights/workspaces/nonprodplatformshared-aue-log","False"
"/subscriptions/178b67d7-b6fd-46db-b4a3-b57f8a6b045f/resourceGroups/nonprod-platformshared/providers/Microsoft.OperationalInsights/workspaces/nonprodplatformshared-aue-log","Rail-PRE","westeurope","wil-wrt-pre-ain-weu","t3-wil-wrt-pre-rsg-app-weu","1bc38ca0-6f7f-4f68-946f-5359d9ace66a","/subscriptions/178b67d7-b6fd-46db-b4a3-b57f8a6b045f/resourceGroups/nonprod-platformshared/providers/Microsoft.OperationalInsights/workspaces/nonprodplatformshared-aue-log","False"
"/subscriptions/178b67d7-b6fd-46db-b4a3-b57f8a6b045f/resourceGroups/nonprod-platformshared/providers/Microsoft.OperationalInsights/workspaces/nonprodplatformshared-aue-log","Experience-DEV","australiaeast","wil-dev-exp-aue1-ain","t3-wil-dev-exp-aue1-shared-rsg","2e254e02-1149-4bb8-8db1-f20511afb1a4","/subscriptions/178b67d7-b6fd-46db-b4a3-b57f8a6b045f/resourceGroups/nonprod-platformshared/providers/Microsoft.OperationalInsights/workspaces/nonprodplatformshared-aue-log","False"
"/subscriptions/178b67d7-b6fd-46db-b4a3-b57f8a6b045f/resourceGroups/nonprod-platformshared/providers/Microsoft.OperationalInsights/workspaces/nonprodplatformshared-aue-log","Experience-DEV","australiaeast","wil-dev-exp-aue1-ain","t3-wil-dev-exp-aue1-app-rsg","2e254e02-1149-4bb8-8db1-f20511afb1a4","/subscriptions/178b67d7-b6fd-46db-b4a3-b57f8a6b045f/resourceGroups/nonprod-platformshared/providers/Microsoft.OperationalInsights/workspaces/nonprodplatformshared-aue-log","False"
"/subscriptions/178b67d7-b6fd-46db-b4a3-b57f8a6b045f/resourceGroups/nonprod-platformshared/providers/Microsoft.OperationalInsights/workspaces/nonprodplatformshared-aue-log","Experience-DEV","australiaeast","wil-dev-fnb-aue1-ain","t3-wil-dev-fnb-aue1-app-rsg","2e254e02-1149-4bb8-8db1-f20511afb1a4","/subscriptions/178b67d7-b6fd-46db-b4a3-b57f8a6b045f/resourceGroups/nonprod-platformshared/providers/Microsoft.OperationalInsights/workspaces/nonprodplatformshared-aue-log","False"
"/subscriptions/178b67d7-b6fd-46db-b4a3-b57f8a6b045f/resourceGroups/nonprod-platformshared/providers/Microsoft.OperationalInsights/workspaces/nonprodplatformshared-aue-log","Experience-DEV","australiaeast","wil-uxa-dev-ain-aue","t3-wil-uxa-dev-rsg-app-aue","2e254e02-1149-4bb8-8db1-f20511afb1a4","/subscriptions/178b67d7-b6fd-46db-b4a3-b57f8a6b045f/resourceGroups/nonprod-platformshared/providers/Microsoft.OperationalInsights/workspaces/nonprodplatformshared-aue-log","False"
"/subscriptions/178b67d7-b6fd-46db-b4a3-b57f8a6b045f/resourceGroups/nonprod-platformshared/providers/Microsoft.OperationalInsights/workspaces/nonprodplatformshared-aue-log","Experience-DEV","australiaeast","wil-dev-exp-aue1-ain","t3-wil-dev-exp-aue1-apps-rsg","2e254e02-1149-4bb8-8db1-f20511afb1a4","/subscriptions/178b67d7-b6fd-46db-b4a3-b57f8a6b045f/resourceGroups/nonprod-platformshared/providers/Microsoft.OperationalInsights/workspaces/nonprodplatformshared-aue-log","False"
"/subscriptions/178b67d7-b6fd-46db-b4a3-b57f8a6b045f/resourceGroups/nonprod-platformshared/providers/Microsoft.OperationalInsights/workspaces/nonprodplatformshared-aue-log","Experience-DEV","australiaeast","wil-uxa-dev-wap-aue-fnb-webapp","t3-wil-uxa-dev-rsg-app-aue","2e254e02-1149-4bb8-8db1-f20511afb1a4","/subscriptions/178b67d7-b6fd-46db-b4a3-b57f8a6b045f/resourceGroups/nonprod-platformshared/providers/Microsoft.OperationalInsights/workspaces/nonprodplatformshared-aue-log","False"
"/subscriptions/d4746c7a-19cb-47ac-82b5-069b17cb99de/resourceGroups/prod-platformshared/providers/Microsoft.OperationalInsights/workspaces/prodplatformshared-aue-log","Experience-PRD","australiaeast","platform-ain-prd-aue","platform-prd-aue","3ab44a28-5c8d-4f57-9d5e-b4830331e5db","/subscriptions/d4746c7a-19cb-47ac-82b5-069b17cb99de/resourceGroups/prod-platformshared/providers/Microsoft.OperationalInsights/workspaces/prodplatformshared-aue-log","False"
"/subscriptions/d4746c7a-19cb-47ac-82b5-069b17cb99de/resourceGroups/prod-platformshared/providers/Microsoft.OperationalInsights/workspaces/prodplatformshared-aue-log","Experience-PRD","australiaeast","wil-uxa-prd-wap-aue-mobilexl","t3-wil-uxa-prd-rsg-app-aue","3ab44a28-5c8d-4f57-9d5e-b4830331e5db","/subscriptions/d4746c7a-19cb-47ac-82b5-069b17cb99de/resourceGroups/prod-platformshared/providers/Microsoft.OperationalInsights/workspaces/prodplatformshared-aue-log","False"
"/subscriptions/d4746c7a-19cb-47ac-82b5-069b17cb99de/resourceGroups/prod-platformshared/providers/Microsoft.OperationalInsights/workspaces/prodplatformshared-aue-log","Experience-PRD","australiaeast","wil-prd-fnb-aue1-ain","t3-wil-prd-fnb-aue1-app-rsg","3ab44a28-5c8d-4f57-9d5e-b4830331e5db","/subscriptions/d4746c7a-19cb-47ac-82b5-069b17cb99de/resourceGroups/prod-platformshared/providers/Microsoft.OperationalInsights/workspaces/prodplatformshared-aue-log","False"
"/subscriptions/d4746c7a-19cb-47ac-82b5-069b17cb99de/resourceGroups/prod-platformshared/providers/Microsoft.OperationalInsights/workspaces/prodplatformshared-aue-log","Experience-PRD","australiaeast","wil-uxa-prd-ain-aue","t3-wil-uxa-prd-rsg-app-aue","3ab44a28-5c8d-4f57-9d5e-b4830331e5db","/subscriptions/d4746c7a-19cb-47ac-82b5-069b17cb99de/resourceGroups/prod-platformshared/providers/Microsoft.OperationalInsights/workspaces/prodplatformshared-aue-log","False"
"/subscriptions/178b67d7-b6fd-46db-b4a3-b57f8a6b045f/resourceGroups/nonprod-platformshared/providers/Microsoft.OperationalInsights/workspaces/nonprodplatformshared-aue-log","Build-UAT","australiaeast","willowhtmldesigns","design-html","ca5069fb-5f00-4df3-8491-10ee2768126a","/subscriptions/178b67d7-b6fd-46db-b4a3-b57f8a6b045f/resourceGroups/nonprod-platformshared/providers/Microsoft.OperationalInsights/workspaces/nonprodplatformshared-aue-log","False"
"/subscriptions/178b67d7-b6fd-46db-b4a3-b57f8a6b045f/resourceGroups/nonprod-platformshared/providers/Microsoft.OperationalInsights/workspaces/nonprodplatformshared-aue-log","Build-UAT","australiaeast","wil-bld-uat-ain-aue","wil-bld-uat-rsg-app-aue","ca5069fb-5f00-4df3-8491-10ee2768126a","/subscriptions/178b67d7-b6fd-46db-b4a3-b57f8a6b045f/resourceGroups/nonprod-platformshared/providers/Microsoft.OperationalInsights/workspaces/nonprodplatformshared-aue-log","False"
"/subscriptions/d4746c7a-19cb-47ac-82b5-069b17cb99de/resourceGroups/prod-platformshared/providers/Microsoft.OperationalInsights/workspaces/prodplatformshared-aue-log","Products-Shared","australiaeast","ain-twin-willow-prod-shared-464bfcdc","rg-twin-willow-prod-shared-9baddca3","d4746c7a-19cb-47ac-82b5-069b17cb99de","/subscriptions/d4746c7a-19cb-47ac-82b5-069b17cb99de/resourceGroups/prod-platformshared/providers/Microsoft.OperationalInsights/workspaces/prodplatformshared-aue-log","False"
